ts,avail_mb,jit_rss_mb,jit_n
17:07:33,85603,0,0
17:07:34,85603,0,0
17:07:35,85602,0,0
17:07:36,85608,0,0
17:07:37,85608,0,0
17:07:38,85612,0,0
17:07:39,85613,0,0
17:07:40,85611,0,0
17:07:41,85608,0,0
17:07:42,85606,0,0
17:07:43,85607,0,0
17:07:44,85603,0,0
17:07:45,85608,0,0
17:07:46,85599,0,0
17:07:47,85594,0,0
17:07:48,85593,0,0
17:07:49,85598,0,0
17:07:50,85598,0,0
17:07:51,85609,0,0
17:07:52,85608,0,0
17:07:53,85610,0,0
17:07:54,85611,0,0
17:07:55,85607,0,0
17:07:56,85600,0,0
17:07:57,85599,0,0
17:07:58,85599,0,0
17:07:59,85608,0,0
17:08:00,85608,0,0
17:08:01,85610,0,0
17:08:02,85610,0,0
17:08:03,85611,0,0
17:08:04,85610,0,0
17:08:05,85606,0,0
17:08:06,85598,0,0
17:08:07,85607,0,0
17:08:08,85606,0,0
17:08:09,85608,0,0
17:08:10,85606,0,0
17:08:11,85598,0,0
17:08:12,85607,0,0
17:08:13,85606,0,0
17:08:14,85604,0,0
17:08:15,85613,0,0
17:08:16,85617,0,0
17:08:17,85619,0,0
17:08:18,85619,0,0
17:08:19,85617,0,0
17:08:20,85618,0,0
17:08:21,85619,0,0
17:08:22,85616,0,0
17:08:23,85620,0,0
17:08:24,85621,0,0
17:08:25,85622,0,0
17:08:26,85618,0,0
17:08:27,85615,0,0
17:08:28,85602,0,0
17:08:29,85595,0,0
17:08:30,85589,0,0
17:08:31,85595,0,0
17:08:32,85601,0,0
17:08:33,85592,0,0
17:08:34,85594,0,0
17:08:35,85597,0,0
17:08:36,85587,0,0
17:08:37,85577,0,0
17:08:38,85582,0,0
17:08:39,85598,0,0
17:08:40,85599,0,0
17:08:42,85600,0,0
17:08:43,85593,0,0
17:08:44,85391,0,0
17:08:45,83299,2152304,57
17:08:46,80590,5027684,48
17:08:47,85177,422240,5
17:08:48,85349,287384,3
17:08:49,86005,0,0
17:08:50,86054,0,0
17:08:51,86067,0,0
17:08:52,86091,0,0
17:08:53,86093,0,0
17:08:54,86119,0,0
17:08:55,86150,0,0
17:08:56,86181,0,0
17:08:57,86193,0,0
17:08:58,86226,0,0
17:08:59,86228,0,0
17:09:00,86232,0,0
17:09:01,86243,0,0
17:09:02,86258,0,0
17:09:03,86241,0,0
17:09:04,86246,0,0
17:09:05,86247,0,0
17:09:06,86254,0,0
17:09:07,86259,0,0
17:09:08,86267,0,0
17:09:09,86265,0,0
17:09:10,86263,0,0
17:09:11,86266,0,0
17:09:12,86270,0,0
17:09:13,86275,0,0
17:09:14,86281,0,0
17:09:15,86283,0,0
17:09:16,86285,0,0
17:09:17,86294,0,0
17:09:18,86303,0,0
17:09:19,86302,0,0
17:09:20,86302,0,0
17:09:21,86309,0,0
17:09:22,86310,0,0
17:09:23,86314,0,0
17:09:24,86313,0,0
17:09:25,86317,0,0
17:09:26,86315,0,0
17:09:27,86317,0,0
17:09:28,86321,0,0
17:09:29,86322,0,0
17:09:30,86323,0,0
17:09:31,86323,0,0
17:09:32,86329,0,0
17:09:33,86327,0,0
17:09:34,86329,0,0
17:09:35,86334,0,0
17:09:36,86332,0,0
17:09:37,86333,0,0
17:09:38,86338,0,0
17:09:39,86345,0,0
17:09:40,86342,0,0
17:09:41,86335,0,0
17:09:42,86341,0,0
17:09:43,86338,0,0
17:09:44,86346,0,0
17:09:45,86343,0,0
17:09:46,86349,0,0
17:09:47,86346,0,0
17:09:48,86341,0,0
17:09:49,86348,0,0
17:09:50,86351,0,0
17:09:51,86346,0,0
17:09:52,86348,0,0
17:09:53,86334,0,0
17:09:54,86344,0,0
17:09:55,86347,0,0
17:09:56,86348,0,0
17:09:57,86345,0,0
17:09:58,86346,0,0
17:09:59,86337,0,0
17:10:00,86338,0,0
17:10:01,86338,0,0
17:10:02,86339,0,0
17:10:03,86340,0,0
17:10:04,86331,0,0
17:10:05,86330,0,0
17:10:06,86337,0,0
17:10:07,86347,0,0
17:10:08,86354,0,0
17:10:09,86341,0,0
17:10:10,86339,0,0
17:10:11,86342,0,0
17:10:12,86342,0,0
17:10:13,86346,0,0
17:10:14,86350,0,0
17:10:15,86349,0,0
17:10:16,86349,0,0
17:10:17,86352,0,0
17:10:18,86364,0,0
17:10:19,86345,0,0
17:10:20,86344,0,0
17:10:21,86343,0,0
17:10:22,86341,0,0
17:10:23,86341,0,0
17:10:24,86352,0,0
17:10:25,86353,0,0
17:10:26,86351,0,0
17:10:27,86352,0,0
17:10:28,86350,0,0
17:10:29,86351,0,0
17:10:30,86351,0,0
17:10:31,86312,0,0
17:10:32,86264,0,0
17:10:33,86267,0,0
17:10:34,86259,0,0
17:10:35,86256,0,0
17:10:36,86244,0,0
17:10:37,86257,0,0
17:10:38,86258,0,0
17:10:39,86248,0,0
17:10:40,86256,0,0
17:10:41,86271,0,0
17:10:42,86281,0,0
17:10:43,86285,0,0
17:10:44,86288,0,0
17:10:45,86299,0,0
17:10:46,86299,0,0
17:10:47,86318,0,0
17:10:48,86334,0,0
17:10:49,86353,0,0
17:10:50,86352,0,0
17:10:51,86356,0,0
17:10:52,86360,0,0
17:10:53,86359,0,0
17:10:55,86365,0,0
17:10:56,86366,0,0
17:10:57,86365,0,0
17:10:58,86364,0,0
17:10:59,86358,0,0
17:11:00,86361,0,0
17:11:01,86356,0,0
17:11:02,86356,0,0
17:11:03,86355,0,0
17:11:04,86357,0,0
17:11:05,86351,0,0
17:11:06,86352,0,0
17:11:07,86352,0,0
17:11:08,86353,0,0
17:11:09,86130,223716,3
17:11:10,86304,0,0
17:11:11,86337,0,0
17:11:12,86332,0,0
17:11:13,86334,0,0
17:11:14,86335,0,0
17:11:15,86330,0,0
17:11:16,86331,0,0
17:11:17,86339,0,0
17:11:18,86338,0,0
17:11:19,86340,0,0
17:11:20,86324,0,0
17:11:21,86323,0,0
17:11:22,86320,0,0
17:11:23,86325,0,0
17:11:24,86327,0,0
17:11:25,86335,0,0
17:11:26,86337,0,0
17:11:27,86166,123020,3
17:11:28,85850,11540,2
17:11:29,85230,11540,2
17:11:30,84962,11540,2
17:11:31,85458,582008,3
17:11:32,84744,1317772,3
17:11:33,84202,1871684,3
17:11:34,83707,2392580,3
17:11:35,83229,2898384,3
17:11:36,82752,3387876,3
17:11:37,82470,3674592,3
17:11:38,81993,4211420,3
17:11:39,81929,4287740,3
17:11:40,81588,4499396,3
17:11:41,84649,1057020,3
17:11:42,84644,1084860,3
17:11:43,84644,1154984,3
17:11:44,85715,124116,3
17:11:45,85425,449604,3
17:11:46,85282,605404,3
17:11:47,85795,195988,3
17:11:48,85523,11876,2
17:11:49,84977,11876,2
17:11:50,84793,11876,2
17:11:51,85055,818348,3
17:11:52,84466,1433436,3
17:11:53,83934,1987396,3
17:11:54,83440,2512152,3
17:11:55,82957,3024140,3
17:11:56,82480,3517716,3
17:11:57,82340,3689744,3
17:11:58,81709,4349592,3
17:11:59,81708,4353564,3
17:12:00,84607,1036076,3
17:12:01,84649,1051252,3
17:12:02,84571,1163284,3
17:12:03,84575,1121680,3
17:12:04,85665,298008,3
17:12:05,85362,612960,3
17:12:06,86004,147816,3
17:12:07,85896,12044,2
17:12:08,85295,12044,2
17:12:09,84819,12044,2
17:12:10,85735,127724,3
17:12:11,84798,1082676,3
17:12:12,84265,1634536,3
17:12:13,83746,2178220,3
17:12:14,83255,2694440,3
17:12:15,82768,3204396,3
17:12:16,82356,3642676,3
17:12:17,82232,3802516,3
17:12:18,81692,4351636,3
17:12:19,81587,4429092,3
17:12:20,84506,1065004,3
17:12:21,84519,1090348,3
17:12:22,84537,1191444,3
17:12:23,85773,71412,3
17:12:24,85609,345208,3
17:12:25,85374,583724,3
17:12:26,86060,38520,3
17:12:27,85543,12068,2
17:12:28,84968,12068,2
17:12:29,84649,12068,2
17:12:30,85588,421452,3
17:12:31,84771,1255412,3
17:12:32,84229,1831916,3
17:12:33,83720,2363120,3
17:12:34,83223,2885352,3
17:12:35,82733,3387128,3
17:12:36,82464,3673844,3
17:12:37,81912,4265628,3
17:12:38,81843,4339200,3
17:12:39,81537,4575116,3
17:12:40,84443,1112864,3
17:12:41,84411,1157960,3
17:12:42,84356,1234612,3
17:12:43,85528,194592,3
17:12:44,85226,509284,3
17:12:45,85119,612404,3
17:12:46,85710,222716,3
17:12:47,85227,12004,2
17:12:48,84711,12004,2
17:12:49,84581,12004,2
17:12:50,85134,867600,3
17:12:51,84565,1447884,3
17:12:52,84026,1999796,3
17:12:53,83554,2516816,3
17:12:54,83290,3027684,3
17:12:55,82812,3519884,3
17:12:56,82616,3693960,3
17:12:57,81987,4346140,3
17:12:58,81930,4349232,3
17:12:59,84595,1064076,3
17:13:01,84591,1080248,3
17:13:02,84523,1188164,3
17:13:03,84599,1097400,3
17:13:04,85615,287568,3
17:13:05,85331,600472,3
17:13:06,85943,128056,3
17:13:07,85682,12048,2
17:13:08,85097,12048,2
17:13:09,84686,12048,2
17:13:10,85819,87012,3
17:13:11,84947,1062528,3
17:13:12,84416,1614328,3
17:13:13,83890,2160024,3
17:13:14,83392,2672204,3
17:13:15,83122,3182140,3
17:13:16,82682,3636832,3
17:13:17,82596,3714656,3
17:13:18,81984,4351816,3
17:13:19,81865,4398244,3
17:13:20,84704,1017716,3
17:13:21,84683,1045140,3
17:13:22,84679,1137020,3
17:13:23,84856,937424,3
17:13:24,85809,327836,3
17:13:25,85534,583444,3
17:13:26,86015,222696,3
17:13:27,85725,12024,2
17:13:28,85153,12024,2
17:13:29,84775,12024,2
17:13:30,85637,378424,3
17:13:31,84901,1206156,3
17:13:32,84364,1770380,3
17:13:33,83845,2301640,3
17:13:34,83331,2825916,3
17:13:35,82847,3319488,3
17:13:36,82513,3669704,3
17:13:37,82116,4089392,3
17:13:38,81857,4354528,3
17:13:39,81602,4491336,3
17:13:40,84472,1092892,3
17:13:41,84471,1113212,3
17:13:42,84469,1209780,3
17:13:43,85785,67880,3
17:13:44,85522,359876,3
17:13:45,85293,584056,3
17:13:46,85943,96764,3
17:13:47,85698,12032,2
17:13:48,85082,12032,2
17:13:49,84810,12032,2
17:13:50,85397,507128,3
17:13:51,84725,1294024,3
17:13:52,84202,1847940,3
17:13:53,83690,2362732,3
17:13:54,83191,2872668,3
17:13:55,82717,3362160,3
17:13:56,82419,3666092,3
17:13:57,81889,4225432,3
17:13:58,81763,4340592,3
17:13:59,81611,4522256,3
17:14:00,84663,1101788,3
17:14:01,84655,1152892,3
17:14:02,84583,1220320,3
17:14:03,85869,95964,3
17:14:04,85642,436900,3
17:14:05,85466,596160,3
17:14:06,85938,143892,3
17:14:07,85717,12116,2
17:14:08,85071,12116,2
17:14:09,84779,12116,2
17:14:10,85498,468348,3
17:14:11,84672,1316836,3
17:14:12,84140,1870728,3
17:14:13,83645,2393664,3
17:14:14,83139,2907696,3
17:14:15,82657,3403340,3
17:14:16,82292,3783300,3
17:14:17,82038,4073052,3
17:14:18,81676,4445172,3
17:14:19,81630,4519032,3
17:14:20,84738,1064684,3
17:14:21,84736,1134540,3
17:14:22,84709,1234296,3
17:14:23,84694,1208024,3
17:14:24,85624,329776,3
17:14:25,85329,607976,3
17:14:26,86091,51332,3
17:14:27,85826,12000,2
17:14:28,85396,12076,2
17:14:29,84800,12076,2
17:14:30,84627,12076,2
17:14:31,85170,746404,3
17:14:32,84488,1453796,3
17:14:33,83942,2007660,3
17:14:34,83449,2524204,3
17:14:35,82964,3038236,3
17:14:36,82491,3529812,3
17:14:37,82240,3796524,3
17:14:38,81788,4277320,3
17:14:39,81718,4353824,3
17:14:40,81444,4513780,3
17:14:41,84590,1041356,3
17:14:42,84563,1088732,3
17:14:43,84464,1188132,3
17:14:44,85713,88020,3
17:14:45,85469,336828,3
17:14:46,85280,608008,3
17:14:47,85892,135576,3
17:14:48,85834,12152,2
17:14:49,85204,12152,2
17:14:50,84674,12152,2
17:14:51,84559,12152,2
17:14:52,84788,1014740,3
17:14:53,84244,1570660,3
17:14:54,83718,2124592,3
17:14:55,83223,2642972,3
17:14:56,82735,3152916,3
17:14:57,82272,3641872,3
17:14:58,82135,3816476,3
17:14:59,81837,4311684,3
17:15:00,81841,4312724,3
17:15:01,81542,4571688,3
17:15:03,84593,1112420,3
17:15:04,84604,1148932,3
17:15:05,84615,1236644,3
17:15:06,85791,132632,3
17:15:07,85605,466516,3
17:15:08,85426,623060,3
17:15:09,86159,66412,3
17:15:10,85796,12156,2
17:15:11,85228,12156,2
17:15:12,84840,12156,2
17:15:13,85664,273440,3
17:15:14,84731,1222176,3
17:15:15,84220,1772028,3
17:15:16,83702,2305436,3
17:15:17,83207,2812204,3
17:15:18,82726,3318972,3
17:15:19,82296,3757848,3
17:15:20,82221,3848232,3
17:15:21,81756,4383516,3
17:15:22,81754,4405672,3
17:15:23,84822,1021404,3
17:15:24,84756,1109780,3
17:15:25,84658,1197484,3
17:15:26,84662,1173416,3
17:15:27,85845,0,0
17:15:28,85854,0,0
17:15:29,85900,0,0
17:15:30,85931,0,0
17:15:31,85950,0,0
17:15:32,85977,0,0
17:15:33,85997,0,0
17:15:34,86010,0,0
17:15:35,86050,0,0
17:15:36,86121,0,0
17:15:37,86125,0,0
17:15:38,86122,0,0
17:15:39,86131,0,0
17:15:40,86128,0,0
17:15:41,89364,0,0
17:15:42,91471,0,0
17:15:43,91462,0,0
17:15:44,91449,0,0
17:15:45,91436,0,0
17:15:46,91434,0,0
17:15:47,89488,2219976,57
17:15:48,85203,5539516,55
17:15:49,85801,4469268,57
17:15:50,84970,583764,31
17:15:51,76935,663720,31
17:15:52,70782,452460,29
17:15:53,63743,469984,29
17:15:54,58243,188236,27
17:15:55,57659,828552,30
17:15:56,54673,3409632,31
17:15:57,65978,7357736,42
17:15:58,63689,15357080,47
17:15:59,56626,22419320,47
17:16:00,52918,25903164,47
17:16:01,53361,29347212,47
17:16:02,50207,34634644,46
17:16:03,44322,40478388,46
17:16:04,41292,45954096,47
17:16:05,35699,51665184,47
17:16:06,30396,57062860,47
17:16:07,25275,62099844,47
17:16:08,25779,66856040,49
17:16:09,21357,71196864,49
17:16:10,17078,75937856,49
17:16:11,12221,80936192,49
17:16:12,9130,83697588,47
17:16:13,8847,84056336,47
17:16:14,8669,83546212,47
17:16:15,8592,83319672,47
17:16:16,22652,67794088,45
17:16:17,32083,57108932,45
17:16:18,35250,53971356,45
17:16:20,36681,52319860,45
17:16:21,39304,48905816,45
17:16:22,41793,46915524,45
17:16:23,41936,46748924,45
17:16:24,43178,45639432,45
17:16:25,45214,43471348,45
17:16:26,44963,44049104,45
17:16:27,45467,44096772,41
17:16:28,45680,44275312,39
17:16:29,46317,44319728,31
17:16:30,46968,43991184,23
17:16:31,46284,44960560,19
17:16:32,46548,45032660,13
17:16:33,51419,39727820,13
17:16:34,50301,40808900,13
17:16:35,55273,35154988,13
17:16:36,54175,36157452,13
17:16:37,59385,30680516,13
17:16:38,64496,25031048,13
17:16:39,63230,26278048,13
17:16:40,63188,26310172,13
17:16:41,62761,26390448,13
17:16:42,62682,26513836,13
17:16:43,62111,26710280,13
17:16:44,63676,25374244,13
17:16:45,63910,24783608,13
17:16:46,64717,23899352,13
17:16:47,71919,15673212,13
17:16:48,72497,15607316,13
17:16:49,73018,15660308,13
17:16:50,80683,7319732,13
17:16:51,81484,7227248,11
17:16:52,81264,7586328,11
17:16:53,82371,6560100,9
17:16:54,82894,6316012,9
17:16:55,84040,5177072,7
17:16:56,85139,4317356,5
17:16:57,85805,3559376,5
17:16:58,86165,3098324,5
17:16:59,86296,2854248,5
17:17:00,86404,2750508,5
17:17:01,88261,1437988,5
17:17:02,88247,1454196,5
17:17:03,88180,1568308,5
17:17:04,89517,670428,5
17:17:05,89263,1028240,5
17:17:06,89005,1349500,5
17:17:07,88428,2033252,5
17:17:08,88430,2035916,5
17:17:09,88261,2303444,5
17:17:10,89788,1179636,3
17:17:11,89886,1198876,3
17:17:12,89883,1202516,3
17:17:13,91475,0,0
17:17:14,91502,0,0
17:17:15,91539,0,0
17:17:16,91601,0,0
17:17:17,91597,0,0
17:17:18,91658,0,0
17:17:19,91713,0,0
17:17:20,91728,0,0
17:17:21,91736,0,0
17:17:22,91755,0,0
17:17:23,91784,0,0
17:17:24,91786,0,0
17:17:25,91803,0,0
17:17:26,91808,0,0
17:17:27,91815,0,0
17:17:28,91859,0,0
17:17:29,91858,0,0
17:17:30,91868,0,0
17:17:31,91869,0,0
17:17:32,91869,0,0
