ts,mem_avail_mb,mem_free_mb,swap_used_mb,jit_procs,cc1plus,vllm_rss_mb
16:56:40,88956744,828024,5376,0,0,2480576
16:56:41,88780452,651788,5376,0,0,2652968
16:56:42,88706440,857396,5376,0,0,2558872
16:56:43,88704564,855520,5376,0,0,2611728
16:56:44,88705368,856348,5376,0,0,2664812
16:56:45,88476228,1326484,5632,0,0,3052872
16:56:46,88918004,1768688,5632,0,0,2495168
16:56:47,88912600,1763272,5632,0,0,2495168
16:56:48,85974216,2670636,5632,0,0,2517448
16:56:49,87864600,4561328,5632,0,0,2517452
16:56:50,87820240,4516964,5632,0,0,2517452
16:56:51,87817976,4514700,5632,0,0,2517452
16:56:53,87805324,4501412,5632,0,0,2517520
16:56:54,87819376,4515468,5632,0,0,2517520
16:56:55,87819652,4515748,5632,0,0,2517520
16:56:56,87802924,4498984,5632,0,0,2517520
16:56:57,87802140,4498196,5632,0,0,2517648
16:56:58,87806812,4502836,5632,0,0,2517648
16:56:59,87806608,4502640,5632,0,0,2517648
16:57:00,87810280,4506596,5632,0,0,2517648
16:57:01,87806504,4502800,5632,0,0,2517648
16:57:02,87809336,4505632,5632,0,0,2517648
16:57:03,87811800,4508096,5632,0,0,2517648
16:57:04,87815476,4511772,5632,0,0,2517648
16:57:05,87815764,4512068,5632,0,0,2517648
16:57:06,87820896,4517256,5632,0,0,2517648
16:57:07,87822388,4518748,5632,0,0,2517648
16:57:08,87822932,4519316,5632,0,0,2517648
16:57:09,87822208,4518596,5632,0,0,2517648
16:57:10,87820444,4516832,5632,0,0,2517648
16:57:11,87821296,4517688,5632,0,0,2517648
16:57:12,87819748,4516360,5632,0,0,2517648
16:57:13,87820084,4516696,5632,0,0,2517648
16:57:14,87820452,4517064,5632,0,0,2517648
16:57:15,87822808,4519420,5632,0,0,2517648
16:57:16,87819988,4516600,5632,0,0,2517648
16:57:17,87822480,4519092,5632,0,0,2517648
16:57:18,87830108,4526712,5632,0,0,2517648
16:57:19,87833292,4529904,5632,0,0,2517648
16:57:20,87831356,4527964,5632,0,0,2517648
16:57:21,87832708,4529312,5632,0,0,2517648
16:57:22,87830584,4527200,5632,0,0,2517648
16:57:23,87833160,4529776,5632,0,0,2517648
16:57:24,87832416,4529032,5632,0,0,2517648
16:57:25,87831196,4527804,5632,0,0,2517648
16:57:26,87822324,4518932,5632,0,0,2517648
16:57:27,87820816,4517424,5632,0,0,2517648
16:57:28,87805180,4501068,5632,0,0,2517648
16:57:29,87805680,4501572,5632,0,0,2517648
16:57:30,87808220,4504104,5632,0,0,2517648
16:57:31,87814456,4510348,5632,0,0,2517648
16:57:32,87816936,4512828,5632,0,0,2517648
16:57:33,87823596,4519488,5632,0,0,2517648
16:57:34,87822336,4518228,5632,0,0,2517648
16:57:35,87822596,4518488,5632,0,0,2517648
16:57:36,87824276,4520160,5632,0,0,2517648
16:57:37,87823640,4519524,5632,0,0,2517648
16:57:38,87830432,4526316,5632,0,0,2517648
16:57:39,87829852,4525744,5632,0,0,2517648
16:57:40,87828352,4524244,5632,0,0,2517648
16:57:41,87829108,4525000,5632,0,0,2517648
16:57:42,87829160,4525044,5632,0,0,2517648
16:57:43,87834236,4530120,5632,0,0,2517648
16:57:44,87837708,4533592,5632,0,0,2517648
16:57:45,87836880,4532764,5632,0,0,2517648
16:57:46,87841584,4537464,5632,0,0,2517648
16:57:47,87840572,4536448,5632,0,0,2517648
16:57:49,87840756,4536544,5632,0,0,2517648
16:57:50,87841764,4537512,5632,0,0,2517648
16:57:51,87852116,4547864,5632,0,0,2517648
16:57:52,87845716,4541448,5632,0,0,2517648
16:57:53,87843956,4539684,5632,0,0,2517648
16:57:54,87847728,4543460,5632,0,0,2517648
16:57:55,87850828,4546560,5632,0,0,2517648
16:57:56,87850656,4546388,5632,0,0,2517648
16:57:57,87851656,4547388,5632,0,0,2517648
16:57:58,87851164,4546888,5632,0,0,2517648
16:57:59,87851168,4546892,5632,0,0,2517648
16:58:00,87850668,4546392,5632,0,0,2517648
16:58:01,87849924,4545648,5632,0,0,2517648
16:58:02,87858528,4554252,5632,0,0,2517648
16:58:03,87858600,4554312,5632,0,0,2517648
16:58:04,87856640,4552352,5632,0,0,2517648
16:58:05,87855628,4551344,5632,0,0,2517648
16:58:06,87855628,4551344,5632,0,0,2517648
16:58:07,87853216,4548928,5632,0,0,2517648
16:58:08,87851200,4546912,5632,0,0,2517648
16:58:09,87854352,4550056,5632,0,0,2517648
16:58:10,87853096,4548800,5632,0,0,2517648
16:58:11,87826396,4522096,5632,0,0,2517808
16:58:12,87828356,4524056,5632,0,0,2517808
16:58:13,87827120,4522812,5632,0,0,2517812
16:58:14,87827472,4523164,5632,0,0,2517812
16:58:15,87826152,4521852,5632,0,0,2517816
16:58:16,87830732,4526428,5632,0,0,2517832
16:58:17,87844316,4540008,5632,0,0,2517836
16:58:18,87842080,4537772,5632,0,0,2517836
16:58:19,87837828,4533516,5632,0,0,2517840
16:58:20,87841352,4537036,5632,0,0,2517840
16:58:21,87838516,4534200,5632,0,0,2517840
16:58:22,87836612,4532296,5632,0,0,2517840
16:58:23,87836124,4531808,5632,0,0,2517840
16:58:24,87835332,4531016,5632,0,0,2517840
16:58:25,87836096,4531780,5632,0,0,2517840
16:58:26,87836568,4532252,5632,0,0,2517840
16:58:27,87835044,4530720,5632,0,0,2517848
16:58:28,87835108,4530784,5632,0,0,2517848
16:58:29,87837920,4533592,5632,0,0,2517848
16:58:30,87837980,4533652,5632,0,0,2517848
16:58:31,87835944,4531612,5632,0,0,2517848
16:58:32,87836356,4532024,5632,0,0,2517848
16:58:33,87834280,4529944,5632,0,0,2517848
16:58:34,87838156,4533824,5632,0,0,2517848
16:58:35,87835456,4531124,5632,0,0,2517848
16:58:36,87836040,4531700,5632,0,0,2517848
16:58:37,87838124,4533784,5632,0,0,2517848
16:58:38,87830500,4526160,5632,0,0,2517848
16:58:39,87832864,4528520,5632,0,0,2517848
16:58:40,87836676,4532332,5632,0,0,2517848
16:58:41,87839572,4535220,5632,0,0,2517848
16:58:43,87835720,4531364,5632,0,0,2517848
16:58:44,87849336,4544984,5632,0,0,2517848
16:58:45,87849120,4544768,5632,0,0,2517848
16:58:46,87847988,4543640,5632,0,0,2517848
16:58:47,87847488,4543136,5632,0,0,2517848
16:58:48,87844632,4540244,5632,0,0,2517848
16:58:49,87846896,4542508,5632,0,0,2517848
16:58:50,87851376,4546980,5632,0,0,2517848
16:58:51,87836920,4532520,5632,0,0,2517848
16:58:52,87835864,4531460,5632,0,0,2518016
16:58:53,87831192,4526780,5632,0,0,2518016
16:58:54,87830164,4525752,5632,0,0,2518016
16:58:55,87831372,4526960,5632,0,0,2518016
16:58:56,87834928,4530516,5632,0,0,2518016
16:58:57,87834536,4530124,5632,0,0,2518020
16:58:58,87822240,4517816,5632,0,0,2518020
16:58:59,87821140,4516720,5632,0,0,2518020
16:59:00,87834696,4530280,5632,0,0,2518020
16:59:01,87832436,4528020,5632,0,0,2518020
16:59:02,87831180,4526764,5632,0,0,2518020
16:59:03,87826832,4522416,5632,0,0,2518020
16:59:04,87825456,4521032,5632,0,0,2518020
16:59:05,87826364,4521940,5632,0,0,2518020
16:59:06,87826752,4522328,5632,0,0,2518020
16:59:07,87817344,4512920,5632,0,0,2518020
16:59:08,87823612,4519184,5632,0,0,2518020
16:59:09,87822628,4518192,5632,0,0,2518020
16:59:10,87827088,4522652,5632,0,0,2518020
16:59:11,87826612,4522176,5632,0,0,2518020
16:59:12,87840904,4536472,5632,0,0,2518020
16:59:13,87843192,4538760,5632,0,0,2518020
16:59:14,87841496,4537056,5632,0,0,2518020
16:59:15,87842144,4537704,5632,0,0,2518020
16:59:16,87841348,4536908,5632,0,0,2518020
16:59:17,87841348,4536908,5632,0,0,2518020
16:59:18,87848980,4544504,5632,0,0,2518020
16:59:19,87847912,4543432,5632,0,0,2518020
16:59:20,87852876,4548400,5632,0,0,2518020
16:59:21,87852876,4548400,5632,0,0,2518020
16:59:22,87841628,4537092,5632,0,0,2518020
16:59:23,87833272,4528732,5632,0,0,2518020
16:59:24,87831572,4527032,5632,0,0,2519072
16:59:25,87831284,4526744,5632,0,0,2519072
16:59:26,87840460,4535920,5632,0,0,2519072
16:59:27,87840196,4535656,5632,0,0,2519072
16:59:28,87835464,4530924,5632,0,0,2519072
16:59:29,87833780,4529232,5632,0,0,2519072
16:59:30,87835228,4530684,5632,0,0,2519072
16:59:31,87835428,4530884,5632,0,0,2519072
16:59:32,87835664,4531120,5632,0,0,2519072
16:59:33,87834636,4530076,5632,0,0,2519072
16:59:34,87833376,4528816,5632,0,0,2519072
16:59:36,87810304,4505744,5632,0,0,2540332
16:59:37,87807308,4502748,5632,0,0,2540332
16:59:38,87807652,4503092,5632,0,0,2540332
16:59:39,87811800,4507232,5632,0,0,2540332
16:59:40,87812804,4508228,5632,0,0,2540332
16:59:41,87810720,4506152,5632,0,0,2540332
16:59:42,87809792,4505224,5632,0,0,2540332
16:59:43,87809844,4505276,5632,0,0,2540332
16:59:44,87812896,4508328,5632,0,0,2540332
16:59:45,87813912,4509336,5632,0,0,2540332
16:59:46,87814560,4509976,5632,0,0,2540332
16:59:47,87814228,4509644,5632,0,0,2540332
16:59:48,87806520,4501936,5632,0,0,2540332
16:59:49,87809772,4505188,5632,0,0,2540332
16:59:50,87815388,4510804,5632,0,0,2540332
16:59:51,87818632,4514048,5632,0,0,2540332
16:59:52,87815620,4511036,5632,0,0,2540332
16:59:53,87798328,4493740,5632,0,0,2540332
16:59:54,87808556,4503960,5632,0,0,2540332
16:59:55,87809428,4504832,5632,0,0,2540332
16:59:56,87808924,4504328,5632,0,0,2540332
16:59:57,87808684,4504088,5632,0,0,2540332
16:59:58,87803328,4498732,5632,0,0,2540332
16:59:59,87812852,4508244,5632,0,0,2540332
17:00:00,87816920,4512308,5632,0,0,2540332
17:00:01,87815792,4511184,5632,0,0,2540332
17:00:02,87814532,4509924,5632,0,0,2540332
17:00:03,87807772,4503164,5632,0,0,2540332
17:00:04,87813924,4509316,5632,0,0,2540332
17:00:05,87816236,4511620,5632,0,0,2540332
17:00:06,87791964,4487348,5632,0,0,2559288
17:00:07,87789952,4485336,5632,0,0,2559288
17:00:08,87782468,4477852,5632,0,0,2559288
17:00:09,87794652,4490036,5632,0,0,2559288
17:00:10,87792004,4487384,5632,0,0,2559288
17:00:11,87790492,4485876,5632,0,0,2559288
17:00:12,87789512,4484896,5632,0,0,2559288
17:00:13,87789628,4485012,5632,0,0,2559288
17:00:14,87798808,4494192,5632,0,0,2559288
17:00:15,87798980,4494348,5632,0,0,2559288
17:00:16,87797468,4492836,5632,0,0,2559288
17:00:17,87796012,4491380,5632,0,0,2559288
17:00:18,87794924,4490292,5632,0,0,2559288
17:00:19,87793096,4488464,5632,0,0,2559288
17:00:20,87798364,4493732,5632,0,0,2559288
17:00:21,87797684,4493044,5632,0,0,2559288
17:00:22,87797464,4492820,5632,0,0,2559288
17:00:23,87798608,4493968,5632,0,0,2559288
17:00:24,87797780,4493140,5632,0,0,2559288
17:00:25,87800588,4495940,5632,0,0,2559288
17:00:26,87800124,4495476,5632,0,0,2559288
17:00:28,87799368,4494720,5632,0,0,2559288
17:00:29,87796416,4491768,5632,0,0,2559288
17:00:30,87799928,4495280,5632,0,0,2559288
17:00:31,87795604,4490956,5632,0,0,2559288
17:00:32,87798944,4494296,5632,0,0,2559288
17:00:33,87795432,4490784,5632,0,0,2559288
17:00:34,87792784,4488136,5632,0,0,2559288
17:00:35,87790696,4486048,5632,0,0,2559288
17:00:36,87789184,4484536,5632,0,0,2559288
17:00:37,87788724,4484036,5632,0,0,2559288
17:00:38,87791548,4486860,5632,0,0,2559288
17:00:39,87794944,4490256,5632,0,0,2559288
17:00:40,87794540,4489852,5632,0,0,2559288
17:00:41,87793340,4488652,5632,0,0,2559288
17:00:42,87792992,4488304,5632,0,0,2559288
17:00:43,87792492,4487804,5632,0,0,2559288
17:00:44,87792040,4487344,5632,0,0,2559288
17:00:45,87790980,4486284,5632,0,0,2559288
17:00:46,87794052,4489352,5632,0,0,2559288
17:00:47,87793072,4488372,5632,0,0,2559288
17:00:48,87794384,4489684,5632,0,0,2559288
17:00:49,87793364,4488660,5632,0,0,2559288
17:00:50,87792656,4487952,5632,0,0,2559288
17:00:51,87793968,4489252,5632,0,0,2559288
17:00:52,87788152,4483436,5632,0,0,2560836
17:00:53,87786232,4481516,5632,0,0,2560836
17:00:54,87779964,4475240,5632,0,0,2560836
17:00:55,87779936,4475216,5632,0,0,2560836
17:00:56,87787644,4482924,5632,0,0,2560836
17:00:57,87784872,4480152,5632,0,0,2560836
17:00:58,87785492,4480772,5632,0,0,2560836
17:00:59,87789768,4485036,5632,0,0,2560836
17:01:00,87790000,4485272,5632,0,0,2560836
17:01:01,87794944,4490212,5632,0,0,2560836
17:01:02,87794804,4490076,5632,0,0,2560836
17:01:03,87792984,4488256,5632,0,0,2560836
17:01:04,87789040,4484308,5632,0,0,2560836
17:01:05,87788844,4484108,5632,0,0,2560836
17:01:06,87791020,4486284,5632,0,0,2560836
17:01:07,87790484,4485748,5632,0,0,2560836
17:01:08,87790652,4485916,5632,0,0,2560836
17:01:09,87786588,4481840,5632,0,0,2560836
17:01:10,87787964,4483220,5632,0,0,2560836
17:01:11,87793540,4488796,5632,0,0,2560836
17:01:12,87793364,4488620,5632,0,0,2560836
17:01:13,87792608,4487864,5632,0,0,2560836
17:01:14,87780772,4476028,5632,0,0,2560836
17:01:15,87780280,4475536,5632,0,0,2560836
17:01:16,87781852,4477100,5632,0,0,2560836
17:01:17,87781348,4476596,5632,0,0,2560836
17:01:18,87779300,4474548,5632,0,0,2560836
17:01:19,87779668,4474920,5632,0,0,2560836
17:01:21,87778420,4473668,5632,0,0,2560836
17:01:22,87785404,4480644,5632,0,0,2560836
17:01:23,87785404,4480644,5632,0,0,2560836
17:01:24,87784396,4479636,5632,0,0,2560836
17:01:25,87786324,4481564,5632,0,0,2560836
17:01:26,87784560,4479800,5632,0,0,2560836
17:01:27,87786388,4481628,5632,0,0,2560836
17:01:28,87788104,4483332,5632,0,0,2560836
17:01:29,87788100,4483332,5632,0,0,2560836
17:01:30,87779708,4474932,5632,0,0,2560836
17:01:31,87780280,4475504,5632,0,0,2560836
17:01:32,87784520,4479740,5632,0,0,2560836
17:01:33,87785364,4480584,5632,0,0,2560836
17:01:34,87785568,4480788,5632,0,0,2560836
17:01:35,87790288,4485508,5632,0,0,2560836
17:01:36,87788180,4483400,5632,0,0,2560836
17:01:37,87786716,4481936,5632,0,0,2560836
17:01:38,87795948,4491160,5632,0,0,2561288
17:01:39,87795192,4490404,5632,0,0,2561288
17:01:40,87789304,4484520,5632,0,0,2561288
17:01:41,87786744,4481960,5632,0,0,2561288
17:01:42,87785196,4480412,5632,0,0,2561288
17:01:43,87785456,4480672,5632,0,0,2561288
17:01:44,87784952,4480168,5632,0,0,2561288
17:01:45,87781800,4477008,5632,0,0,2561288
17:01:46,87781048,4476256,5632,0,0,2561288
17:01:47,87783836,4479044,5632,0,0,2561288
17:01:48,87780552,4475760,5632,0,0,2561560
17:01:49,87781836,4477044,5632,0,0,2561560
17:01:50,87779160,4474368,5632,0,0,2561560
17:01:51,87778020,4473220,5632,0,0,2561560
17:01:52,87780788,4475988,5632,0,0,2561560
17:01:53,87779212,4474408,5632,0,0,2561560
17:01:54,87778524,4473724,5632,0,0,2561560
17:01:55,87783704,4478904,5632,0,0,2561560
17:01:56,87784888,4480088,5632,0,0,2561560
17:01:57,87784184,4479376,5632,0,0,2561560
17:01:58,87782592,4477784,5632,0,0,2561560
17:01:59,87782592,4477784,5632,0,0,2561560
17:02:00,87789400,4484592,5632,0,0,2561560
17:02:01,87785240,4480432,5632,0,0,2561560
17:02:02,87787576,4482768,5632,0,0,2561560
17:02:03,87788964,4484156,5632,0,0,2561560
17:02:04,87790028,4485220,5632,0,0,2561560
17:02:05,87787416,4482608,5632,0,0,2561560
17:02:06,87785996,4481188,5632,0,0,2561560
17:02:07,87786028,4481220,5632,0,0,2561560
17:02:08,87784472,4479648,5632,0,0,2561592
17:02:09,87784776,4479952,5632,0,0,2561592
17:02:10,87828916,4524092,5632,0,0,2511360
17:02:11,93052084,9746960,5632,0,0,0
