ts,resident_pct,pgmajfault_cg,pgmajfault_host,refault_file_cg,memcurrent_gib,memavail_gib
1790337633,100.00,182724,2010544,5004614,19.0,17.1
1790337639,100.00,182724,2010545,5004614,19.0,17.2
1790337644,100.00,182724,2010552,5004614,19.0,17.1
1790337649,100.00,182724,2010552,5004614,19.0,17.1
1790337655,100.00,182724,2010560,5004614,19.0,17.1
1790337660,100.00,182724,2010565,5004614,19.0,17.1
1790337665,100.00,182724,2010586,5004614,19.0,17.1
1790337671,100.00,182724,2010653,5004614,19.0,17.1
1790337676,100.00,182724,2010654,5004614,19.0,17.2
1790337681,100.00,182724,2010656,5004614,19.0,17.2
1790337687,100.00,182724,2010658,5004614,19.0,17.2
1790337692,100.00,182724,2010659,5004614,19.0,17.1
1790337697,100.00,182724,2010663,5004614,19.0,17.2
1790337703,100.00,182724,2010666,5004614,19.0,17.1
1790337708,100.00,182724,2010666,5004614,19.0,17.1
1790337714,100.00,182724,2010666,5004614,19.0,17.2
1790337719,100.00,182724,2010669,5004614,19.0,17.2
1790337724,100.00,182724,2010670,5004614,19.0,17.1
1790337730,100.00,182724,2010674,5004614,19.0,17.2
1790337735,100.00,182724,2010676,5004614,19.0,17.2
1790337740,100.00,182724,2010898,5004614,12.5,17.1
1790337746,100.00,182724,2011257,5004614,12.5,17.1
1790337751,100.00,182724,2011293,5004614,12.5,17.1
1790337756,100.00,182724,2011303,5004614,12.5,17.2
1790337762,100.00,185423,2037820,5072845,8.6,17.5
1790337767,100.00,185907,2055128,5085334,8.6,17.4
1790337772,100.00,185907,2059124,5085334,8.6,17.3
1790337778,100.00,185907,2059291,5085334,8.6,17.3
1790337783,100.00,185952,2062484,5085727,8.6,17.3
1790337788,100.00,185952,2064058,5085727,8.6,17.3
1790337794,100.00,185952,2066104,5085727,8.6,17.3
1790337799,100.00,185952,2066311,5085727,8.6,17.3
1790337804,100.00,185952,2066350,5085727,8.6,17.3
1790337810,100.00,185952,2066382,5085727,8.6,17.3
1790337815,100.00,185952,2066692,5085727,8.6,17.3
1790337820,100.00,185952,2066763,5085727,8.6,17.3
1790337826,100.00,185952,2066860,5085727,8.6,17.3
1790337831,100.00,185952,2066924,5085727,8.6,17.3
1790337836,100.00,185952,2067000,5085727,8.6,17.3
1790337842,100.00,185952,2067025,5085727,8.6,17.3
1790337847,100.00,185952,2067064,5085727,8.6,17.3
1790337852,100.00,185952,2067269,5085727,8.6,17.3
1790337858,100.00,185952,2068848,5085727,8.6,17.3
1790337863,100.00,185952,2068904,5085727,8.6,17.3
1790337868,100.00,185952,2068915,5085727,8.6,17.3
1790337874,100.00,185952,2069957,5085727,8.7,17.3
1790337879,100.00,185952,2069981,5085727,8.7,17.3
1790337884,100.00,185952,2070692,5085727,8.6,17.3
1790337890,100.00,185952,2070703,5085727,8.6,17.2
1790337895,100.00,185952,2070800,5085727,8.6,17.2
1790337900,100.00,185952,2070837,5085727,8.6,17.3
1790337906,100.00,185952,2070899,5085727,8.7,17.3
1790337911,100.00,185952,2070909,5085727,8.7,17.3
1790337916,100.00,185952,2070925,5085727,8.6,11.7
1790337922,100.00,185952,2070932,5085727,8.6,8.9
1790337927,100.00,185952,2070938,5085727,8.7,8.7
1790337932,100.00,185952,2071025,5085727,8.7,8.7
1790337938,100.00,185952,2071039,5085727,8.6,8.7
1790337943,100.00,185952,2071059,5085727,8.6,8.7
1790337949,100.00,185952,2071068,5085727,8.6,8.8
1790337954,100.00,185952,2071181,5085727,8.6,8.7
1790337959,100.00,185952,2071234,5085727,8.6,8.7
1790337965,100.00,185952,2071246,5085727,8.6,8.7
1790337970,100.00,185952,2071250,5085727,8.6,8.7
1790337975,100.00,185952,2071278,5085727,8.6,8.8
1790337981,100.00,185952,2071301,5085727,8.6,8.7
1790337986,100.00,185952,2071400,5085727,8.6,8.7
1790337991,100.00,185952,2072238,5085727,8.6,8.7
1790337997,100.00,185952,2072245,5085727,8.6,8.7
1790338002,100.00,185952,2072257,5085727,8.6,8.7
1790338007,100.00,185952,2072314,5085727,8.6,8.7
1790338013,100.00,185952,2072406,5085727,8.6,8.7
1790338018,100.00,185952,2072420,5085727,8.6,8.7
1790338023,100.00,185952,2072445,5085727,8.6,11.0
1790338029,100.00,185952,2072452,5085727,8.6,6.9
1790338034,100.00,185952,2072601,5085727,8.6,6.9
1790338039,100.00,185952,2072604,5085727,8.6,6.9
1790338045,100.00,185952,2072607,5085727,8.6,6.9
1790338050,100.00,185952,2072610,5085727,8.6,6.9
1790338055,100.00,185952,2072632,5085727,8.6,7.0
1790338061,100.00,185952,2072635,5085727,8.6,7.0
1790338066,100.00,185952,2072646,5085727,8.6,6.9
1790338071,100.00,185952,2072651,5085727,8.6,6.9
1790338077,100.00,185952,2072657,5085727,8.7,7.0
1790338082,100.00,185952,2072658,5085727,8.7,6.9
1790338087,100.00,185952,2072663,5085727,8.7,6.9
1790338093,100.00,185952,2072671,5085727,8.6,7.0
1790338098,100.00,185952,2072679,5085727,8.6,7.0
1790338103,100.00,185952,2072682,5085727,8.7,7.0
1790338109,100.00,185952,2072685,5085727,8.7,7.0
1790338114,100.00,185952,2072696,5085727,8.7,7.0
1790338119,100.00,185952,2072700,5085727,8.7,6.9
1790338125,100.00,185952,2072711,5085727,8.6,6.9
1790338130,100.00,185952,2072712,5085727,8.6,7.0
1790338135,100.00,185952,2072736,5085727,8.6,7.0
1790338141,100.00,185952,2072740,5085727,8.6,7.0
1790338146,100.00,185952,2072746,5085727,8.6,6.7
1790338151,100.00,185952,2072750,5085727,8.6,6.7
1790338157,100.00,185952,2072757,5085727,8.6,6.7
1790338162,100.00,185952,2072763,5085727,8.6,6.7
1790338167,100.00,185952,2072766,5085727,8.6,6.7
1790338173,100.00,185952,2072770,5085727,8.6,6.7
1790338178,100.00,185952,2072774,5085727,8.6,6.7
1790338183,100.00,185952,2072775,5085727,8.7,6.7
1790338189,100.00,185952,2072798,5085727,8.6,6.6
1790338194,100.00,185952,2072802,5085727,8.6,6.7
1790338199,100.00,185952,2072805,5085727,8.6,6.7
1790338205,100.00,185952,2072813,5085727,8.6,6.7
1790338210,100.00,185952,2072817,5085727,8.6,6.7
1790338215,100.00,185952,2072820,5085727,8.6,6.7
1790338221,100.00,185952,2072822,5085727,8.6,6.7
1790338226,100.00,185952,2072823,5085727,8.6,6.8
1790338231,100.00,185952,2072823,5085727,8.6,6.7
1790338237,100.00,185952,2072826,5085727,8.6,6.7
1790338242,100.00,185952,2072829,5085727,8.6,6.7
1790338247,100.00,185952,2072836,5085727,8.6,6.7
1790338253,100.00,185952,2072885,5085727,8.6,6.7
1790338258,100.00,185952,2072952,5085727,8.6,6.7
1790338264,100.00,185952,2074303,5085727,8.6,6.6
1790338269,100.00,185952,2074308,5085727,8.6,6.7
1790338274,100.00,185952,2074317,5085727,8.6,17.2
1790338280,100.00,185952,2074319,5085727,8.6,17.2
1790338285,100.00,185952,2074333,5085727,8.6,17.2
1790338290,100.00,185952,2074333,5085727,8.6,17.2
1790338296,100.00,185952,2074338,5085727,8.7,17.2
1790338301,100.00,185952,2074363,5085727,8.6,17.2
1790338306,100.00,185952,2074370,5085727,8.6,17.2
1790338312,100.00,185952,2074373,5085727,8.6,17.2
1790338317,100.00,185952,2074497,5085727,8.7,17.2
1790338322,100.00,185952,2075255,5085727,8.6,17.4
1790338328,100.00,185952,2076252,5085727,8.6,17.3
1790338333,100.00,185952,2076778,5085727,8.6,17.2
1790338338,100.00,185952,2076784,5085727,8.6,17.2
1790338344,100.00,185952,2076932,5085727,8.6,17.2
1790338349,100.00,185952,2077048,5085727,8.6,17.2
1790338354,100.00,185952,2077157,5085727,8.6,17.2
1790338360,100.00,185952,2077161,5085727,8.6,17.2
1790338365,100.00,185952,2077170,5085727,8.6,17.2
1790338370,100.00,185952,2077172,5085727,8.6,17.1
1790338376,100.00,185952,2077192,5085727,8.6,17.2
1790338381,100.00,185952,2077257,5085727,8.6,17.2
1790338386,100.00,185976,2077291,5085727,8.6,17.2
1790338392,100.00,185976,2077293,5085727,8.6,17.2
1790338397,100.00,185976,2077294,5085727,8.6,17.2
1790338403,100.00,185976,2077545,5085727,8.6,17.2
1790338408,100.00,185976,2077545,5085727,8.6,17.3
1790338413,100.00,185976,2077547,5085727,8.6,17.3
1790338419,100.00,185976,2077548,5085727,8.6,17.3
1790338424,100.00,185976,2077550,5085727,8.6,17.3
1790338429,100.00,185976,2077554,5085727,8.6,17.3
1790338435,100.00,185976,2077556,5085727,8.6,17.3
1790338440,100.00,185976,2077557,5085727,8.6,17.3
1790338445,100.00,185976,2077557,5085727,8.6,17.3
1790338451,100.00,185976,2077560,5085727,8.6,17.3
1790338456,100.00,185976,2077563,5085727,8.6,17.3
1790338461,100.00,185976,2077582,5085727,8.6,17.3
1790338467,100.00,185976,2077584,5085727,8.6,17.3
1790338472,100.00,185976,2078253,5085727,8.6,17.2
1790338477,100.00,185976,2078261,5085727,8.6,17.3
1790338483,100.00,185976,2078261,5085727,8.6,17.3
1790338488,100.00,185976,2078262,5085727,8.6,17.3
1790338493,100.00,185976,2078265,5085727,8.6,17.3
1790338499,100.00,185976,2078294,5085727,8.6,17.3
1790338504,100.00,185976,2078300,5085727,8.6,17.3
1790338509,100.00,185976,2078300,5085727,8.6,17.3
1790338515,100.00,185976,2078300,5085727,8.6,17.3
1790338520,100.00,185976,2078309,5085727,8.6,17.3
1790338525,100.00,185976,2078314,5085727,8.6,17.3
1790338531,100.00,185976,2078316,5085727,8.6,16.8
1790338536,100.00,185976,2078463,5085727,8.6,17.4
1790338541,100.00,185976,2078464,5085727,8.6,17.3
1790338547,100.00,185976,2078465,5085727,8.6,17.4
1790338552,100.00,185976,2078468,5085727,8.6,17.4
1790338557,100.00,185976,2078469,5085727,8.6,17.4
1790338563,100.00,185976,2078470,5085727,8.6,17.4
1790338568,100.00,185976,2078474,5085727,8.6,17.4
1790338573,100.00,185976,2078480,5085727,8.6,17.4
1790338579,100.00,185976,2078586,5085727,8.6,17.3
1790338584,100.00,185976,2078588,5085727,8.6,17.4
1790338589,100.00,185976,2078591,5085727,8.6,17.4
1790338595,100.00,185976,2078596,5085727,8.6,17.4
1790338600,100.00,185976,2078596,5085727,8.6,17.4
1790338605,100.00,185976,2078603,5085727,8.6,17.0
1790338611,100.00,185976,2078605,5085727,8.6,17.3
1790338616,100.00,185976,2078612,5085727,8.6,17.4
1790338622,100.00,185976,2078616,5085727,8.6,17.4
1790338627,100.00,185976,2078621,5085727,8.6,17.4
1790338632,100.00,185976,2078624,5085727,8.6,17.4
1790338638,100.00,185976,2078629,5085727,8.6,17.4
1790338643,100.00,185976,2078630,5085727,8.6,17.1
1790338648,100.00,185976,2078633,5085727,8.6,17.4
1790338654,100.00,185976,2078635,5085727,8.6,17.4
1790338659,100.00,185976,2078636,5085727,8.6,17.4
1790338664,100.00,185976,2078646,5085727,8.6,17.4
1790338670,100.00,185976,2078646,5085727,8.6,17.4
1790338675,100.00,185976,2078646,5085727,8.6,17.4
1790338680,100.00,185976,2078653,5085727,8.6,17.4
1790338686,100.00,185976,2078655,5085727,8.6,17.4
1790338691,100.00,185976,2078655,5085727,8.6,17.0
1790338696,100.00,185976,2078657,5085727,8.6,17.4
1790338702,100.00,185976,2078657,5085727,8.6,17.4
1790338707,100.00,185976,2078658,5085727,8.6,17.4
1790338712,100.00,185976,2078659,5085727,8.6,17.4
1790338718,100.00,185976,2078660,5085727,8.6,17.4
1790338723,100.00,185976,2078667,5085727,8.6,17.0
1790338728,100.00,185976,2078676,5085727,8.6,17.4
1790338734,100.00,185976,2078676,5085727,8.6,17.4
1790338739,100.00,185976,2078703,5085727,8.6,17.4
1790338744,100.00,185976,2078703,5085727,8.6,17.3
1790338750,100.00,185976,2078708,5085727,8.6,17.4
1790338755,100.00,185976,2078714,5085727,8.6,17.4
1790338760,100.00,185976,2078714,5085727,8.6,17.4
1790338766,100.00,185976,2078715,5085727,8.6,17.3
1790338771,100.00,185976,2078716,5085727,8.6,17.3
1790338776,100.00,185976,2078716,5085727,8.6,17.3
1790338782,100.00,185976,2078716,5085727,8.6,17.3
1790338787,100.00,185976,2078719,5085727,8.6,17.3
1790338792,100.00,185976,2078720,5085727,8.6,17.3
1790338798,100.00,185976,2078720,5085727,8.6,17.3
1790338803,100.00,185976,2078723,5085727,8.6,17.3
1790338808,100.00,185976,2078723,5085727,8.6,17.3
1790338814,100.00,185976,2078724,5085727,8.6,17.3
1790338819,100.00,185976,2078725,5085727,8.6,17.2
1790338824,100.00,185976,2078727,5085727,8.6,17.3
1790338830,100.00,185976,2078728,5085727,8.6,17.2
1790338835,100.00,185976,2078730,5085727,8.6,17.3
1790338841,100.00,185976,2078730,5085727,8.6,17.3
1790338846,100.00,185976,2078738,5085727,8.6,17.3
1790338851,100.00,185976,2078739,5085727,8.6,17.3
1790338857,100.00,185976,2078746,5085727,8.6,17.3
1790338862,100.00,185976,2078749,5085727,8.6,17.3
1790338867,100.00,185976,2078749,5085727,8.6,17.2
1790338873,100.00,185976,2078749,5085727,8.6,17.2
1790338878,100.00,185976,2078751,5085727,8.6,17.2
1790338883,100.00,185976,2078753,5085727,8.6,17.3
1790338889,100.00,185976,2078754,5085727,8.6,17.3
1790338894,100.00,185976,2078763,5085727,8.6,17.4
1790338899,100.00,185976,2078763,5085727,8.6,17.3
1790338905,100.00,185976,2078763,5085727,8.6,17.3
1790338910,100.00,185976,2078763,5085727,8.6,17.3
1790338915,100.00,185976,2078763,5085727,8.6,17.3
1790338921,100.00,185976,2078774,5085727,8.6,17.2
1790338926,100.00,185976,2078774,5085727,8.6,17.3
1790338931,100.00,185976,2078835,5085727,8.6,17.3
1790338937,100.00,185978,2078840,5085727,8.6,17.3
1790338942,100.00,185978,2078851,5085727,8.6,17.3
1790338947,100.00,185978,2078851,5085727,8.6,17.3
1790338953,100.00,185978,2078851,5085727,8.6,17.3
1790338958,100.00,185978,2078852,5085727,8.6,17.3
1790338963,100.00,185978,2078854,5085727,8.6,17.3
1790338969,100.00,185978,2078874,5085727,8.6,17.3
1790338974,100.00,186589,2079532,5085727,8.6,17.3
1790338979,100.00,186589,2079535,5085727,8.7,17.2
1790338985,100.00,186589,2079536,5085728,8.7,17.2
1790338990,100.00,186589,2079543,5085787,8.7,17.3
1790338995,100.00,186589,2079543,5085787,8.7,17.3
1790339001,100.00,186589,2079543,5085787,8.7,17.2
1790339006,100.00,186589,2079543,5085787,8.7,17.2
1790339011,100.00,186589,2079544,5085787,8.7,17.2
1790339017,100.00,186589,2079545,5085787,8.7,17.2
1790339022,100.00,186589,2079545,5085787,8.7,17.3
1790339027,100.00,186589,2079550,5085787,8.7,17.2
1790339033,100.00,186589,2079553,5085787,8.7,17.2
1790339038,100.00,186589,2079554,5085787,8.7,17.2
1790339044,100.00,186589,2079562,5085787,8.7,17.2
1790339049,100.00,186589,2079564,5085787,8.7,17.3
1790339054,100.00,186589,2079567,5085787,8.7,17.3
1790339060,100.00,186589,2079569,5085787,8.7,17.2
1790339065,100.00,186589,2079570,5085787,8.7,17.2
1790339070,100.00,186589,2079570,5085787,8.7,17.2
1790339076,100.00,186589,2079570,5085787,8.7,17.2
1790339081,100.00,186589,2079571,5085787,8.7,17.2
1790339086,100.00,186589,2079572,5085787,8.7,17.2
1790339092,100.00,186589,2079572,5085787,8.7,17.3
1790339097,100.00,186589,2079574,5085787,8.7,17.2
1790339102,100.00,186589,2079579,5085787,8.7,17.2
1790339108,100.00,186589,2079579,5085787,8.7,17.3
1790339113,100.00,186589,2079579,5085787,8.7,17.3
1790339118,100.00,186589,2079579,5085787,8.7,17.2
1790339124,100.00,186589,2079579,5085787,8.7,17.3
1790339129,100.00,186589,2079579,5085787,8.7,17.2
1790339134,100.00,186589,2079581,5085787,8.7,17.2
1790339140,100.00,186589,2079583,5085787,8.7,17.3
1790339145,100.00,186589,2079584,5085787,8.7,17.3
1790339150,100.00,186589,2079584,5085787,8.7,17.2
1790339156,100.00,186589,2079586,5085787,8.7,17.2
1790339161,100.00,186589,2079587,5085787,8.7,17.2
1790339166,100.00,186589,2079587,5085787,8.7,17.2
1790339172,100.00,186616,2079993,5085833,8.7,17.2
1790339177,100.00,186616,2079993,5085833,8.7,17.3
1790339182,100.00,186619,2080016,5085949,9.0,17.2
1790339188,100.00,186619,2080020,5085949,9.0,17.1
1790339193,100.00,186619,2080021,5085949,9.0,17.1
1790339198,100.00,186619,2080023,5085949,9.0,17.1
1790339204,100.00,186619,2080023,5085949,9.0,17.2
1790339209,100.00,186619,2080023,5085949,9.0,17.1
1790339215,100.00,186619,2080023,5085949,9.0,17.2
1790339220,100.00,186619,2080035,5085949,9.0,17.2
1790339225,100.00,186620,2080036,5085949,9.0,17.1
1790339231,100.00,186620,2080037,5085949,9.0,17.2
1790339236,100.00,186620,2080038,5085949,9.0,17.2
1790339241,100.00,186620,2080057,5085949,9.0,17.2
1790339247,100.00,186620,2080057,5085949,9.0,17.3
1790339252,100.00,186620,2080057,5085949,9.0,17.2
1790339257,100.00,186620,2080057,5085949,9.0,17.1
1790339263,100.00,186620,2080058,5085949,9.0,17.2
1790339268,100.00,186620,2080061,5085949,9.0,17.1
1790339273,100.00,186620,2080169,5085949,9.0,17.1
1790339279,100.00,186620,2080256,5085949,9.0,17.1
1790339284,100.00,186620,2080256,5085949,9.0,17.1
1790339290,100.00,186620,2080256,5085949,9.0,17.1
1790339295,100.00,186620,2080256,5085949,9.0,17.2
1790339300,100.00,186620,2080257,5085949,9.0,17.2
1790339306,100.00,186620,2080257,5085949,9.0,17.3
1790339311,100.00,186620,2080259,5085949,9.0,17.2
1790339316,100.00,186620,2080262,5085949,9.0,17.3
1790339322,100.00,186620,2080262,5085949,9.0,17.2
1790339327,100.00,186620,2080264,5085949,9.0,17.2
1790339332,100.00,186620,2080264,5085949,9.0,17.2
1790339338,100.00,186620,2080264,5085949,9.0,17.2
1790339343,100.00,186620,2080267,5085949,9.0,17.2
1790339348,100.00,186620,2080267,5085949,9.0,17.2
1790339354,100.00,186620,2080268,5085949,9.0,17.2
1790339359,100.00,186620,2080268,5085949,9.0,17.2
1790339364,100.00,186620,2080268,5085949,9.0,17.2
1790339370,100.00,186622,2080278,5085949,9.0,17.2
1790339375,100.00,186622,2080278,5085949,9.0,17.1
1790339380,100.00,186622,2080279,5085949,9.0,17.3
1790339386,100.00,186622,2080281,5085949,9.0,17.2
1790339391,100.00,186622,2080282,5085949,9.0,17.3
1790339396,100.00,186622,2080282,5085949,9.0,17.1
1790339402,100.00,186622,2080284,5085949,9.0,17.1
1790339407,100.00,186622,2080287,5085949,9.0,17.1
1790339412,100.00,186622,2080287,5085949,9.0,17.2
1790339418,100.00,186622,2080287,5085949,9.0,17.1
1790339423,100.00,186622,2080287,5085949,9.0,17.1
1790339428,100.00,186622,2080287,5085949,9.0,17.1
1790339434,100.00,186622,2080288,5085949,9.0,17.2
1790339439,100.00,186622,2080288,5085949,9.0,17.1
1790339444,100.00,186622,2080289,5085949,9.0,17.1
1790339450,100.00,186622,2080291,5085949,9.0,17.1
1790339455,100.00,186622,2080292,5085949,9.0,17.2
1790339460,100.00,186622,2080292,5085949,9.0,17.2
1790339466,100.00,186627,2082618,5086029,8.7,16.9
1790339471,100.00,186629,2083996,5086063,8.7,17.3
1790339477,100.00,186629,2085565,5086063,8.7,17.3
1790339482,100.00,186629,2086141,5086063,8.7,17.3
1790339487,100.00,186629,2086358,5086063,8.7,17.3
1790339530,100.00,186656,2091171,5086598,8.7,16.7
1790339535,100.00,186671,2094973,5086948,8.7,16.6
1790339541,100.00,186671,2095162,5086948,8.7,16.8
1790339546,100.00,186671,2095217,5086948,8.7,17.3
1790339551,100.00,186672,2096182,5086982,8.7,17.3
1790339557,100.00,186673,2096334,5086983,8.7,16.9
1790339562,100.00,186673,2096369,5086983,8.7,17.4
1790339567,100.00,186673,2096614,5086983,8.6,17.3
1790339573,100.00,186673,2096844,5086983,8.6,17.1
1790339578,100.00,186673,2096970,5086983,8.6,16.9
1790339583,100.00,188854,2099981,5089048,8.7,16.8
1790339589,100.00,188867,2100397,5089410,8.7,16.8
1790339594,100.00,188867,2101294,5089410,8.7,16.8
1790339599,100.00,188867,2102094,5089410,8.7,16.8
1790339605,100.00,188867,2102341,5089410,8.7,16.9
1790339610,100.00,188867,2102656,5089410,8.7,16.8
1790339615,100.00,188867,2102784,5089410,8.7,16.8
1790339621,100.00,188867,2102808,5089410,8.7,16.8
1790339626,100.00,188867,2102887,5089410,8.7,16.9
1790339631,100.00,188867,2102975,5089410,8.7,16.8
1790339637,100.00,188867,2103012,5089410,8.7,16.8
1790339642,100.00,188867,2103071,5089410,8.7,16.8
1790339647,100.00,188867,2103095,5089410,8.7,16.8
1790339653,100.00,188880,2103132,5089751,8.7,16.8
1790339658,100.00,188880,2103253,5089751,8.7,16.8
1790339663,100.00,188880,2103266,5089751,8.7,16.8
1790339669,100.00,188880,2103290,5089751,8.7,16.8
1790339674,100.00,188880,2103337,5089751,8.7,16.9
1790339679,100.00,188880,2103359,5089751,8.7,16.8
1790339685,100.00,188880,2103375,5089751,8.7,16.9
1790339690,100.00,188880,2103387,5089751,8.7,16.8
1790339695,100.00,188880,2103416,5089751,8.7,16.8
1790339701,100.00,188880,2103472,5089751,8.7,16.8
1790339706,100.00,188880,2103508,5089751,8.7,16.8
1790339711,100.00,188880,2103535,5089751,8.7,16.8
1790339717,100.00,188880,2103552,5089751,8.7,16.8
1790339722,100.00,188880,2103581,5089751,8.7,16.8
1790339727,100.00,188880,2103582,5089751,8.7,16.8
1790339733,100.00,188880,2103585,5089751,8.7,16.8
1790339738,100.00,188880,2103598,5089751,8.7,16.8
1790339744,100.00,188880,2103619,5089751,8.7,16.8
1790339749,100.00,188880,2103622,5089751,8.7,16.9
1790339754,100.00,188880,2103623,5089751,8.7,16.8
1790339760,100.00,188880,2103627,5089751,8.7,16.9
1790339765,100.00,188880,2103634,5089751,8.7,16.8
1790339770,100.00,188880,2103638,5089751,8.7,16.8
1790339776,100.00,188880,2103640,5089751,8.7,16.8
1790339781,100.00,188880,2103680,5089751,8.7,16.8
1790339786,100.00,188880,2103689,5089751,8.7,16.8
1790339792,100.00,188880,2103710,5089751,8.7,16.8
1790339797,100.00,188880,2103716,5089751,8.7,16.8
1790339802,100.00,188880,2103718,5089751,8.7,16.8
1790339808,100.00,188880,2103730,5089751,8.7,16.8
1790339813,100.00,188880,2103742,5089751,8.7,16.8
1790339818,100.00,188880,2103749,5089751,8.7,16.8
1790339824,100.00,188880,2103778,5089751,8.7,16.9
1790339829,100.00,188880,2103782,5089751,8.7,16.8
1790339834,100.00,188880,2103788,5089751,8.7,16.9
1790339840,100.00,188880,2103790,5089751,8.7,16.8
1790339845,100.00,188880,2103800,5089751,8.7,16.8
1790339850,100.00,188880,2103803,5089751,8.7,16.8
1790339856,100.00,188880,2103810,5089751,8.7,16.8
1790339861,54.83,188880,2104794,5089751,8.6,17.3
1790339866,61.08,188881,2107509,5089767,8.6,17.3
1790339872,22.19,188881,2107866,5089767,8.6,17.4
1790339877,2.81,188885,2108211,5089818,8.6,17.2
1790339882,9.55,188885,2109360,5089818,8.6,16.9
1790339888,10.21,188885,2110530,5089818,8.6,17.0
1790339893,21.61,188885,2113806,5089818,8.6,17.3
1790339899,5.33,188885,2114387,5089818,8.6,17.4
1790339904,0.00,188885,2115139,5089818,8.6,17.0
1790339910,0.00,188885,2115750,5089818,8.6,17.0
1790339915,0.00,-1,2127067,-1,-0.0,116.9
1790339920,0.00,1728,2129760,5590,0.6,116.6
1790339926,0.00,2311,2130595,10299,1.0,116.4
1790339931,0.00,2850,2131546,11380,1.3,116.3
1790339936,0.00,4276,2133174,12893,2.1,116.0
1790339942,0.00,4287,2133326,13036,2.7,115.3
1790339947,0.00,4291,2133449,13048,3.4,114.6
1790339952,0.00,4299,2133553,13222,4.1,113.9
1790339958,0.00,4428,2133746,14140,5.1,112.6
1790339963,0.00,6752,2136221,15026,6.5,39.0
1790339968,0.00,19728,2149267,15058,10.3,38.2
1790339974,0.00,33308,2162902,15058,14.2,37.7
1790339979,0.00,46833,2176452,15058,16.1,38.8
1790339984,0.00,60816,2190480,15058,18.8,39.2
1790339990,0.00,74480,2204225,15058,22.6,38.5
1790339995,0.00,89079,2218919,15058,26.7,37.8
1790340000,0.00,101738,2231692,15058,29.7,37.7
1790340006,0.00,115151,2245395,15062,33.6,36.8
1790340011,0.00,119624,2251374,15375,35.4,36.0
1790340017,0.00,119727,2251801,15375,36.2,35.3
1790340022,0.00,119821,2252134,15375,32.2,39.3
1790340027,0.00,119942,2252319,15375,33.1,38.4
1790340033,0.00,120067,2252534,15375,34.1,37.5
1790340038,0.00,120186,2252694,15375,34.9,36.9
1790340043,0.00,120293,2252826,15375,35.7,36.0
1790340049,0.00,120403,2252952,15375,36.5,35.2
1790340054,0.00,120505,2253118,15375,32.4,39.3
1790340059,0.00,120626,2253386,15375,33.4,38.4
1790340065,0.00,120754,2253650,15375,34.3,37.5
1790340070,0.00,120865,2253797,15375,35.3,36.7
1790340075,0.00,120971,2253937,15375,35.3,35.5
1790340081,0.00,121084,2254107,15375,32.9,37.4
1790340086,0.00,121198,2254241,15375,31.2,39.1
1790340091,0.00,121306,2254385,15375,32.1,38.2
1790340097,0.00,121424,2254563,15375,32.9,37.4
1790340102,0.00,121534,2254697,15375,33.2,36.6
1790340107,0.00,121651,2254842,15375,33.2,35.9
1790340113,0.00,121760,2255001,15375,32.6,35.7
1790340118,0.00,121858,2255214,15375,29.2,39.1
1790340123,0.00,121972,2255358,15375,30.0,38.3
1790340129,0.00,122081,2255488,15375,30.9,37.4
1790340134,0.00,122193,2255678,15375,31.6,36.7
1790340139,0.00,122298,2255919,15375,31.4,35.9
1790340145,0.00,122400,2256038,15375,31.5,35.2
1790340150,0.00,122487,2256135,15375,27.0,39.4
1790340155,0.00,122588,2256295,15375,27.7,38.8
1790340161,0.00,122683,2256409,15375,28.5,38.0
1790340166,0.00,122778,2256517,15375,29.2,37.3
1790340171,0.00,122872,2256619,15375,29.6,36.6
1790340177,0.00,122977,2256733,15375,29.2,36.0
1790340182,0.00,123073,2256914,15375,28.7,35.3
1790340187,0.00,123168,2257056,15375,24.3,39.4
1790340193,0.00,123264,2257325,15375,25.0,38.7
1790340198,0.00,123377,2257851,15375,25.8,37.9
1790340203,0.00,123463,2258394,15375,26.5,37.2
1790340209,0.00,123569,2259041,15375,26.7,36.5
1790340214,0.00,123666,2259175,15375,26.2,35.8
1790340219,0.00,123772,2259334,15375,25.8,35.1
1790340225,0.00,123860,2259426,15375,21.7,39.2
1790340230,0.00,123965,2259537,15375,22.4,38.5
1790340235,0.00,124064,2259649,15375,23.2,37.8
1790340241,0.00,124161,2259748,15375,23.8,36.7
1790340246,0.00,124245,2259834,15375,23.3,36.6
1790340251,0.00,124346,2259964,15375,23.5,35.8
1790340257,0.00,124439,2260172,15375,23.1,35.2
1790340262,0.00,124529,2260294,15408,18.8,39.3
1790340267,0.00,124616,2260383,15408,19.5,38.6
1790340273,0.00,124713,2260499,15408,20.1,37.9
1790340278,0.00,124823,2260646,15408,20.9,37.1
1790340283,0.00,124943,2260771,15408,21.0,36.4
1790340289,0.00,124994,2260825,18224,20.3,35.5
1790340294,0.00,124999,2260832,26192,15.4,39.5
1790340299,0.00,125000,2260855,36944,16.4,38.0
1790340305,0.00,125002,2260986,47404,17.5,37.1
1790340310,0.00,125002,2261202,57324,17.0,36.7
1790340315,0.00,125002,2261464,61100,15.9,35.5
1790340321,0.00,125005,2261483,64300,11.1,39.7
1790340326,0.00,125005,2261490,68204,12.0,38.8
1790340331,0.00,125007,2261499,71914,12.9,38.0
1790340337,0.00,125007,2261525,75370,13.6,37.2
1790340342,0.00,125007,2261539,79360,14.4,36.3
1790340347,0.00,125007,2261593,85824,15.3,35.4
1790340353,0.00,125013,2261617,91501,11.4,39.3
1790340358,0.00,125015,2261682,96043,12.3,38.4
1790340363,0.00,125015,2261693,99947,13.2,37.5
1790340369,0.00,125097,2261778,101611,14.1,36.7
1790340374,0.00,125204,2261904,101611,14.9,35.9
1790340380,0.00,125328,2262093,101611,15.7,35.1
1790340385,0.00,125431,2262197,101611,11.6,39.2
1790340390,0.00,125539,2262309,101611,12.4,38.0
1790340396,0.00,125641,2262427,101611,13.1,37.2
1790340401,0.00,125744,2262533,101611,13.9,36.9
1790340406,0.00,125853,2262650,101611,14.7,36.2
1790340412,0.00,125966,2262770,101611,15.5,35.3
1790340417,0.00,126001,2262867,101611,11.5,39.3
1790340422,0.00,126005,2262970,101656,12.3,38.5
1790340428,0.00,126005,2262997,101656,13.2,37.6
1790340433,0.00,126098,2263180,101656,13.9,36.6
1790340439,0.00,126218,2263470,101706,14.8,36.0
1790340444,0.00,126337,2263617,101706,15.6,35.2
1790340449,0.00,126348,2263665,102027,10.9,39.7
1790340455,0.00,127657,2264999,107260,11.2,37.3
1790340460,0.00,138691,2276219,759126,13.3,33.9
1790340465,0.00,152989,2290888,1609534,15.7,33.9
1790340470,0.00,165941,2304228,2379296,17.7,33.8
1790340476,0.00,178825,2317445,3144598,19.8,33.9
1790340481,0.00,190714,2329746,3850645,21.3,33.8
1790340486,0.00,203116,2342394,4550769,23.1,33.6
1790340492,0.00,216638,2355977,4601475,26.0,33.8
1790340497,0.00,228067,2367505,5280718,28.8,33.5
1790340502,0.00,228067,2367513,5280718,29.5,32.9
1790340508,0.00,228068,2367526,5280718,30.2,32.2
1790340513,0.00,228190,2367678,5288386,31.0,31.4
1790340518,0.00,231958,2371475,5517016,30.2,33.0
1790340524,0.00,231960,2371484,5526738,30.9,32.5
1790340529,0.00,232429,2371985,5536606,29.6,37.3
1790340535,0.00,232834,2372395,5553629,31.6,33.9
1790340540,0.00,232867,2372488,5553679,31.5,32.1
1790340545,0.00,232867,2372530,5553679,31.5,32.2
1790340551,0.00,234409,2374081,5560481,31.7,32.3
1790340556,0.00,234432,2374109,5560482,31.7,32.3
1790340561,0.00,234433,2374117,5560482,31.7,32.3
1790340567,0.00,234433,2374120,5560482,31.7,32.3
1790340572,0.00,234433,2374121,5560482,31.7,32.3
1790340577,0.00,234433,2374128,5560482,31.7,32.2
1790340583,0.00,234631,2374330,5560753,32.0,34.9
1790340588,0.00,235004,2375068,5572993,24.2,18.0
1790340593,0.00,235038,2375230,5573335,24.1,18.9
1790340598,0.00,235134,2375381,5574008,24.3,18.3
1790340604,0.01,235672,2375959,5579433,24.8,18.0
1790340609,0.01,235687,2376011,5579617,25.1,17.9
1790340615,0.01,235687,2376241,5579617,25.3,17.7
1790340620,0.01,235687,2376631,5579617,25.1,17.8
1790340625,0.01,235701,2376676,5579817,23.8,16.9
1790340631,0.01,235701,2376977,5579852,23.8,16.8
1790340636,0.01,235701,2377063,5579852,23.8,16.9
1790340641,0.01,235701,2377094,5579852,23.8,17.0
1790340647,0.01,235701,2377119,5579852,23.8,17.0
1790340652,0.01,235701,2377141,5579852,23.8,17.0
1790340657,0.01,235701,2377176,5579852,23.8,17.1
1790340663,0.01,235701,2377206,5579852,23.8,17.1
1790340668,0.01,235701,2377260,5579852,23.8,17.2
1790340674,0.01,235701,2377286,5579852,23.8,17.1
1790340679,0.01,235701,2377306,5579852,23.8,17.1
1790340684,0.01,235701,2377334,5579852,23.8,17.1
1790340690,0.01,235701,2377344,5579852,23.8,17.2
1790340695,0.01,235701,2377761,5579852,23.8,17.1
1790340700,0.01,235701,2378249,5579852,23.8,17.2
1790340706,0.01,235701,2378665,5579852,23.8,17.2
1790340711,0.01,235701,2378725,5579852,23.8,17.1
1790340717,0.01,235701,2378730,5579852,23.8,17.1
1790340722,0.01,235701,2378783,5579852,23.8,17.1
1790340727,0.01,235701,2378825,5579852,23.8,17.1
1790340733,0.01,235701,2378873,5579852,23.8,17.1
1790340738,0.01,235701,2378989,5579852,23.8,17.1
1790340743,0.01,235701,2378992,5579852,23.8,17.2
1790340749,0.01,235701,2379027,5579852,23.8,17.1
1790340754,0.01,235701,2379035,5579852,23.8,17.1
1790340759,0.01,235701,2379044,5579852,23.8,17.1
1790340765,0.01,235701,2379095,5579852,23.8,17.2
1790340770,0.01,235701,2379095,5579852,23.8,17.2
1790340775,0.01,235701,2379141,5579852,23.8,17.1
1790340781,0.01,235701,2379179,5579852,23.8,17.1
1790340786,0.07,235701,2379279,5579852,23.9,17.1
1790340792,0.14,235701,2379296,5579852,23.9,17.1
1790340797,0.19,235701,2379304,5579852,23.9,17.1
1790340803,0.25,235701,2379315,5579852,23.9,17.1
1790340808,0.31,235701,2379326,5579852,23.9,17.1
1790340813,0.31,235701,2379350,5579852,23.9,17.1
1790340819,0.31,235701,2379373,5579852,23.9,17.1
1790340824,0.31,235701,2379380,5579852,23.9,17.1
1790340830,0.31,235701,2379394,5579852,23.9,17.1
1790340835,0.31,235701,2379405,5579852,23.9,17.1
1790340840,0.31,235773,2379702,5581523,24.0,17.0
1790340846,0.38,235780,2379729,5582134,24.0,16.9
1790340851,0.52,235780,2379739,5582134,24.1,16.9
1790340857,0.68,235780,2379747,5582134,24.1,16.9
1790340862,0.83,235780,2379765,5582134,24.2,16.9
1790340868,0.96,235780,2379851,5582134,24.2,16.9
1790340873,1.01,235780,2379860,5582134,24.2,16.9
1790340879,1.01,235780,2379863,5582134,24.2,16.9
1790340884,1.01,235780,2379863,5582134,24.2,16.9
1790340889,1.01,235780,2379874,5582134,24.2,16.9
1790340895,1.01,235780,2379877,5582134,24.2,16.9
1790340900,1.01,235780,2379913,5582134,24.2,16.9
1790340905,1.01,235780,2379992,5582134,24.2,16.9
1790340911,1.01,235780,2380269,5582134,24.2,16.8
1790340916,1.01,235780,2380399,5582134,24.0,16.8
1790340922,1.01,235780,2380415,5582134,24.0,16.9
1790340927,1.01,235780,2380551,5582134,23.7,16.9
1790340933,1.01,235797,2380578,5582225,23.7,16.9
1790340938,1.01,235797,2380584,5582225,23.7,16.9
1790340943,1.01,235797,2380597,5582225,23.7,16.9
1790340949,1.01,235797,2380616,5582225,23.7,16.9
1790340954,1.07,235797,2380619,5582225,23.7,16.9
1790340960,1.13,235797,2380620,5582225,23.8,16.9
1790340965,1.20,235797,2380620,5582225,23.8,16.9
1790340971,1.31,235797,2380620,5582225,23.8,16.9
1790340976,1.42,235797,2380629,5582225,23.8,17.0
1790340982,1.43,235797,2380771,5582225,23.9,16.9
1790340987,1.43,235797,2380887,5582225,23.9,16.9
1790340993,1.43,235797,2380900,5582225,23.9,16.9
1790340998,1.43,235801,2380911,5582225,23.9,16.9
1790341003,1.43,235801,2380911,5582225,23.9,16.9
1790341009,1.43,235801,2380912,5582225,23.9,16.9
1790341014,1.43,235801,2380921,5582225,23.9,16.9
1790341020,1.43,235801,2380923,5582225,23.9,16.9
1790341025,1.43,235801,2380937,5582225,23.9,16.9
1790341030,1.43,235801,2380946,5582225,23.9,16.9
1790341036,1.43,235801,2381095,5582225,23.9,16.9
1790341041,1.43,235801,2381101,5582225,23.9,16.9
1790341047,1.43,235801,2381104,5582225,23.9,16.9
1790341052,1.43,235801,2381111,5582225,23.9,16.9
1790341058,1.43,235801,2381116,5582225,23.9,16.9
1790341063,1.43,235801,2381117,5582225,23.9,16.9
1790341068,1.43,235801,2381120,5582225,23.9,16.9
1790341074,1.45,235801,2381127,5582225,23.9,16.9
1790341079,1.47,235801,2381128,5582225,23.9,16.9
1790341085,1.48,235801,2381128,5582225,23.9,16.9
1790341090,1.48,235801,2381132,5582225,23.9,17.0
1790341096,1.49,235801,2381134,5582225,23.9,17.0
1790341101,1.49,235801,2381137,5582225,23.9,17.0
1790341107,1.51,235801,2381138,5582225,23.9,17.0
1790341112,1.51,235801,2381143,5582225,23.9,17.0
1790341117,1.51,235801,2381148,5582225,23.9,17.0
1790341123,1.51,235801,2381154,5582225,23.9,17.0
1790341128,1.51,235801,2381155,5582225,23.9,17.0
1790341134,1.51,235801,2381155,5582225,23.9,16.9
1790341139,1.51,235801,2381156,5582225,23.9,17.0
1790341145,1.51,235801,2381162,5582225,23.9,16.9
1790341150,1.51,235801,2381169,5582225,23.9,17.0
1790341156,1.51,235801,2381170,5582225,23.9,17.0
1790341161,1.51,235801,2381171,5582284,23.9,17.0
1790341166,1.51,235801,2381171,5582284,23.9,17.0
1790341172,1.51,235801,2381175,5582284,23.9,16.9
1790341177,1.51,235801,2381176,5582284,23.9,17.0
1790341183,1.51,235801,2381176,5582284,23.9,17.0
1790341188,1.51,235801,2381190,5582284,23.9,17.0
1790341193,1.51,235801,2381191,5582284,23.9,16.9
1790341199,1.51,235801,2381191,5582284,23.9,16.9
1790341204,1.51,235801,2381193,5582284,23.9,17.0
1790341210,1.51,235801,2381193,5582284,23.9,17.0
1790341215,1.51,235801,2381686,5582284,23.9,17.0
1790341220,1.51,235801,2382985,5582284,23.6,16.9
1790341226,1.51,235801,2383008,5582284,23.6,16.9
1790341231,1.51,235801,2383009,5582284,23.6,16.9
1790341237,1.51,235801,2383021,5582284,23.6,16.9
1790341242,1.51,235801,2383021,5582284,23.6,16.9
1790341247,1.51,235801,2383023,5582284,23.6,16.9
1790341253,1.51,235801,2383024,5582284,23.6,16.9
1790341258,1.51,235801,2383024,5582284,23.6,16.9
1790341264,1.51,235801,2383024,5582284,23.6,16.9
1790341269,1.51,235801,2383059,5582284,23.6,16.9
1790341275,1.51,235801,2383062,5582284,23.6,16.9
1790341280,1.51,235801,2383062,5582284,23.6,16.9
1790341285,1.51,235801,2383063,5582284,23.6,16.9
1790341291,1.51,235801,2383064,5582284,23.6,16.9
1790341296,1.51,235801,2383069,5582284,23.6,16.9
1790341302,1.51,235801,2383073,5582284,23.6,16.9
1790341307,1.51,235801,2383073,5582284,23.6,16.9
1790341313,1.51,235801,2383077,5582284,23.6,16.9
1790341318,1.51,235801,2383077,5582284,23.6,16.8
1790341323,1.51,235801,2383083,5582284,23.6,16.9
1790341329,1.51,235801,2383161,5582284,23.6,16.9
1790341334,1.51,235801,2383187,5582284,23.6,16.9
1790341340,1.51,235801,2383187,5582284,23.6,16.8
1790341345,1.51,235801,2383206,5582284,23.6,16.9
1790341350,1.51,235801,2383208,5582284,23.6,16.9
1790341356,1.51,235801,2383211,5582284,23.6,16.9
1790341361,1.51,235801,2383213,5582284,23.6,16.8
1790341367,1.51,235801,2383214,5582284,23.6,16.9
1790341372,1.51,235801,2383214,5582284,23.6,16.9
1790341378,1.51,235801,2383215,5582284,23.6,16.9
1790341383,1.51,235801,2383263,5582284,23.6,16.8
1790341389,1.51,235801,2383286,5582284,23.6,16.8
1790341394,1.51,235801,2383298,5582284,23.6,16.9
1790341399,1.51,235801,2383300,5582284,23.6,16.9
1790341405,1.51,235801,2383300,5582284,23.6,16.8
1790341410,1.51,235801,2383302,5582284,23.6,16.8
1790341415,1.51,235801,2383303,5582284,23.6,16.9
1790341421,1.51,235801,2383303,5582284,23.6,16.9
1790341426,1.51,235801,2383306,5582284,23.6,16.9
1790341432,1.51,235801,2383307,5582284,23.6,16.9
1790341437,1.51,235801,2383309,5582284,23.6,16.9
1790341442,1.51,235801,2383310,5582284,23.6,16.9
1790341448,1.51,235801,2383310,5582284,23.6,16.9
1790341453,1.51,235801,2383310,5582284,23.6,16.9
1790341459,1.51,235801,2383416,5582284,23.6,16.9
1790341464,1.51,235801,2383420,5582284,23.6,16.9
1790341470,1.51,235801,2383449,5582284,23.6,16.9
1790341475,1.51,235801,2383450,5582284,23.6,16.9
1790341480,1.51,235801,2383450,5582284,23.6,16.9
1790341486,1.51,235801,2383450,5582284,23.6,16.9
1790341491,1.51,235801,2383451,5582284,23.6,16.9
1790341497,1.51,235801,2383451,5582284,23.6,16.9
1790341502,1.51,235801,2383452,5582284,23.6,16.9
1790341508,1.51,235801,2383454,5582284,23.6,16.9
1790341513,1.51,235801,2383465,5582284,23.6,16.9
1790341518,1.51,235801,2383466,5582284,23.6,16.8
1790341524,1.51,235801,2383466,5582284,23.6,16.8
1790341529,1.51,235801,2383468,5582284,23.6,16.9
1790341535,1.51,235801,2383468,5582284,23.6,16.9
1790341540,1.51,235801,2383469,5582284,23.6,16.9
1790341545,1.51,235801,2383470,5582284,23.6,16.9
1790341551,1.51,235801,2383471,5582284,23.6,16.9
1790341556,1.51,235801,2383471,5582284,23.6,16.9
1790341562,1.51,235801,2383471,5582284,23.6,16.9
1790341567,1.51,235801,2383471,5582284,23.6,16.9
1790341572,1.51,235801,2383472,5582284,23.6,16.8
1790341578,1.51,235801,2383473,5582284,23.6,16.8
1790341583,1.51,235801,2383476,5582284,23.6,16.9
1790341589,1.51,235801,2383476,5582284,23.6,16.9
1790341594,1.51,235801,2383479,5582284,23.6,16.9
1790341600,1.51,235801,2383490,5582284,23.6,16.9
1790341605,1.51,235801,2383490,5582284,23.6,16.9
1790341610,1.51,235801,2383501,5582284,23.6,16.9
1790341616,1.51,235801,2383501,5582284,23.6,16.9
1790341621,1.51,235801,2383504,5582284,23.6,16.8
1790341626,1.51,235801,2383504,5582284,23.6,16.9
1790341632,1.51,235801,2383509,5582284,23.6,16.9
1790341637,1.51,235801,2383510,5582284,23.6,16.9
1790341643,1.51,235801,2383512,5582284,23.6,16.9
1790341648,1.51,235801,2383512,5582284,23.6,16.9
1790341653,1.51,235801,2383512,5582284,23.6,16.9
1790341659,1.51,235832,2383667,5582916,23.4,16.9
1790341664,1.51,235832,2383679,5582916,23.4,16.9
1790341670,1.51,235832,2383679,5582916,23.4,16.9
1790341675,1.51,235832,2383693,5582916,23.4,16.9
1790341681,1.51,235832,2383693,5582916,23.4,16.9
1790341686,1.51,235832,2383696,5582916,23.4,16.9
1790341691,1.51,235832,2383696,5582916,23.4,16.9
1790341697,1.51,235832,2383802,5582916,23.4,16.9
1790341702,1.51,238463,2386473,5585533,16.8,115.8
1790341707,1.51,7099,2396954,35254,0.5,116.9
1790341713,1.51,7443,2397300,59394,0.9,116.7
1790341718,1.51,7855,2397714,75692,1.5,116.1
1790341724,1.51,8831,2398690,167870,2.8,115.2
1790341729,1.51,8839,2398699,168868,2.3,115.7
1790341735,1.51,8839,2398702,169095,2.1,116.0
1790341740,1.51,8839,2398710,169095,2.5,115.5
1790341745,1.51,8840,2398711,169150,3.8,114.2
1790341751,1.51,8840,2398726,169506,4.7,113.4
1790341756,1.51,8973,2398862,174127,5.5,79.1
1790341762,1.51,19373,2409274,770243,8.3,39.2
1790341767,1.51,34210,2424117,1604472,12.4,38.4
1790341772,1.51,46488,2436400,2292419,14.0,39.2
1790341778,1.51,57306,2447217,2702990,15.8,39.7
1790341783,2.86,158259,2548388,2730321,18.6,38.5
1790341789,7.04,451066,2841298,2734865,20.6,36.5
1790341794,11.40,756642,3146828,2743330,22.7,34.4
1790341800,15.74,1061796,3452093,2750406,24.7,32.6
1790341805,19.70,1340929,3731181,2758921,26.7,30.6
1790341811,24.13,1649923,4040267,2783514,24.1,32.6
1790341816,28.52,1956895,4347027,2806420,26.3,30.5
1790341822,32.88,2262308,4652883,2821236,28.3,29.1
1790341827,36.12,2568811,4959441,2826626,30.4,27.1
1790341833,40.38,2866732,5257392,2827842,32.4,25.1
1790341838,44.79,3169395,5560234,2827853,32.7,24.8
1790341844,49.28,3483028,5873573,2841238,31.6,25.9
1790341850,54.02,3822517,6213337,2855321,33.8,23.9
1790341855,58.14,4109573,6500422,2868753,34.8,21.9
1790341861,62.31,4401248,6792345,2885943,35.4,19.3
1790341866,66.89,4722528,7113644,2885985,36.0,17.7
1790341872,71.18,5029377,7421327,2888449,32.4,20.5
1790341878,74.94,5290792,7683997,2892877,34.4,18.5
1790341883,79.06,5569286,7962892,2897084,35.5,16.6
1790341889,83.22,5870265,8264200,2900253,36.3,14.6
1790341895,87.03,6135522,8529860,2905861,37.1,12.6
1790341901,91.17,6429243,8824103,2921892,33.4,15.3
1790341906,95.07,6700306,9095466,2925895,35.5,13.3
1790341912,99.34,6984320,9379521,2931015,35.5,11.4
1790341918,100.00,7070429,9465309,2936762,35.7,10.1
1790341924,100.00,7070435,9465595,2936954,36.4,9.2
1790341929,100.00,7070435,9465664,2936954,37.1,8.4
1790341935,100.00,7070441,9466129,2937963,33.1,12.2
1790341941,100.00,7070441,9466410,2952811,34.1,11.4
1790341947,100.00,7070441,9466709,2953067,35.1,10.5
1790341953,100.00,7070441,9466877,2954155,36.0,9.6
1790341958,100.00,-1,9469104,-1,-0.0,117.2
1790341964,100.00,-1,9469159,-1,-0.0,117.2
1790341970,100.00,-1,9469162,-1,-0.0,117.2
1790341976,100.00,-1,9469209,-1,-0.0,117.2
1790341981,100.00,-1,9469212,-1,-0.0,117.2
1790341987,100.00,-1,9469225,-1,-0.0,117.2
1790341993,100.00,-1,9469307,-1,-0.0,117.2
1790341999,100.00,-1,9469463,-1,-0.0,117.2
1790342004,100.00,-1,9469468,-1,-0.0,117.3
1790342010,100.00,-1,9469477,-1,-0.0,117.3
1790342016,100.00,-1,9469482,-1,-0.0,117.3
1790342022,100.00,-1,9469502,-1,-0.0,117.3
1790342028,100.00,-1,9469507,-1,-0.0,117.3
1790342033,100.00,-1,9469516,-1,-0.0,117.3
1790342039,100.00,-1,9469529,-1,-0.0,117.3
1790342045,100.00,-1,9469659,-1,-0.0,117.3
1790342051,100.00,-1,9469668,-1,-0.0,117.3
1790342056,100.00,-1,9469685,-1,-0.0,117.3
1790342062,100.00,-1,9469697,-1,-0.0,117.2
1790342068,100.00,-1,9469714,-1,-0.0,117.3
1790342074,100.00,-1,9469744,-1,-0.0,117.3
1790342079,100.00,-1,9469762,-1,-0.0,117.3
1790342085,100.00,-1,9469763,-1,-0.0,117.3
1790342091,100.00,-1,9469767,-1,-0.0,117.3
1790342097,100.00,-1,9469828,-1,-0.0,117.3
1790342102,100.00,-1,9469833,-1,-0.0,117.3
1790342108,100.00,-1,9469834,-1,-0.0,117.3
1790342114,100.00,-1,9469846,-1,-0.0,117.3
1790342120,100.00,-1,9469898,-1,-0.0,117.4
1790342126,100.00,-1,9469898,-1,-0.0,117.3
1790342131,100.00,-1,9469898,-1,-0.0,117.3
1790342137,100.00,-1,9469900,-1,-0.0,117.3
1790342143,100.00,-1,9469914,-1,-0.0,117.4
1790342149,100.00,-1,9469915,-1,-0.0,117.3
1790342154,100.00,-1,9469916,-1,-0.0,117.3
1790342160,100.00,-1,9469916,-1,-0.0,117.3
1790342166,100.00,-1,9469917,-1,-0.0,117.3
1790342172,100.00,-1,9469917,-1,-0.0,117.3
1790342177,100.00,-1,9469919,-1,-0.0,117.3
1790342183,100.00,-1,9469919,-1,-0.0,117.3
1790342189,100.00,-1,9469922,-1,-0.0,117.3
1790342195,100.00,-1,9469922,-1,-0.0,117.3
1790342201,100.00,-1,9469954,-1,-0.0,117.3
1790342206,100.00,-1,9469954,-1,-0.0,117.3
1790342212,100.00,-1,9469954,-1,-0.0,117.3
1790342218,100.00,-1,9469954,-1,-0.0,117.3
1790342224,100.00,-1,9469965,-1,-0.0,117.3
1790342229,100.00,-1,9469965,-1,-0.0,117.3
1790342235,100.00,-1,9470031,-1,-0.0,117.3
1790342241,100.00,-1,9470033,-1,-0.0,117.3
1790342247,100.00,-1,9470039,-1,-0.0,117.3
1790342253,100.00,-1,9470039,-1,-0.0,117.3
1790342258,100.00,-1,9470077,-1,-0.0,117.3
1790342264,100.00,-1,9470086,-1,-0.0,117.3
1790342270,100.00,-1,9470088,-1,-0.0,117.3
1790342276,100.00,-1,9470091,-1,-0.0,117.3
1790342281,100.00,-1,9470091,-1,-0.0,117.3
1790342287,100.00,-1,9470091,-1,-0.0,117.3
1790342293,100.00,-1,9470094,-1,-0.0,117.3
1790342299,100.00,-1,9470094,-1,-0.0,117.3
1790342304,100.00,-1,9470094,-1,-0.0,117.3
1790342310,100.00,-1,9470094,-1,-0.0,117.3
1790342316,100.00,-1,9470097,-1,-0.0,117.3
1790342322,100.00,-1,9470097,-1,-0.0,117.3
1790342328,100.00,-1,9470097,-1,-0.0,117.3
1790342333,100.00,-1,9470176,-1,-0.0,117.3
1790342339,100.00,-1,9470200,-1,-0.0,117.3
1790342345,100.00,-1,9470201,-1,-0.0,117.3
1790342351,100.00,-1,9470224,-1,-0.0,117.3
1790342356,100.00,-1,9470225,-1,-0.0,117.3
1790342362,100.00,-1,9470225,-1,-0.0,117.3
1790342368,100.00,-1,9470225,-1,-0.0,117.2
1790342374,100.00,-1,9470226,-1,-0.0,117.2
1790342379,100.00,-1,9470240,-1,-0.0,117.3
1790342385,100.00,-1,9470241,-1,-0.0,117.3
1790342391,100.00,-1,9470242,-1,-0.0,117.3
1790342397,100.00,-1,9470263,-1,-0.0,117.3
1790342402,100.00,-1,9470265,-1,-0.0,117.2
1790342408,100.00,-1,9470265,-1,-0.0,117.3
1790342414,100.00,-1,9470267,-1,-0.0,117.3
1790342420,100.00,-1,9470268,-1,-0.0,117.3
1790342426,100.00,-1,9470268,-1,-0.0,117.3
1790342431,100.00,-1,9470270,-1,-0.0,117.3
1790342437,100.00,-1,9470271,-1,-0.0,117.3
1790342443,100.00,-1,9470271,-1,-0.0,117.3
1790342449,100.00,-1,9470271,-1,-0.0,117.3
1790342454,100.00,-1,9470288,-1,-0.0,117.3
1790342460,100.00,-1,9470311,-1,-0.0,117.3
1790342466,100.00,-1,9470311,-1,-0.0,117.3
1790342472,100.00,-1,9470311,-1,-0.0,117.3
1790342477,100.00,-1,9470318,-1,-0.0,117.3
1790342483,100.00,-1,9470318,-1,-0.0,117.3
1790342489,100.00,-1,9470319,-1,-0.0,117.3
1790342495,100.00,-1,9470319,-1,-0.0,117.3
1790342501,100.00,-1,9470321,-1,-0.0,117.3
1790342506,100.00,-1,9470322,-1,-0.0,117.3
1790342512,100.00,-1,9470322,-1,-0.0,117.4
1790342518,100.00,-1,9470322,-1,-0.0,117.4
1790342524,100.00,-1,9470322,-1,-0.0,117.3
1790342529,100.00,-1,9470323,-1,-0.0,117.3
1790342535,100.00,-1,9473013,-1,-0.0,117.2
1790342541,100.00,-1,9473663,-1,-0.0,117.1
1790342547,100.00,-1,9473666,-1,-0.0,117.2
1790342552,100.00,-1,9473666,-1,-0.0,117.2
1790342558,100.00,-1,9473666,-1,-0.0,117.3
1790342564,100.00,-1,9473684,-1,-0.0,117.3
1790342570,100.00,-1,9473685,-1,-0.0,117.3
1790342576,100.00,-1,9473685,-1,-0.0,117.3
1790342581,100.00,-1,9473686,-1,-0.0,117.3
1790342587,100.00,-1,9473686,-1,-0.0,117.3
1790342593,100.00,-1,9473686,-1,-0.0,117.3
1790342599,100.00,-1,9473706,-1,-0.0,117.3
1790342604,100.00,-1,9473706,-1,-0.0,117.3
1790342610,100.00,-1,9473706,-1,-0.0,117.3
1790342616,100.00,-1,9473707,-1,-0.0,117.3
1790342622,100.00,-1,9473707,-1,-0.0,117.3
1790342628,100.00,-1,9473707,-1,-0.0,117.3
1790342633,100.00,-1,9473707,-1,-0.0,117.3
1790342639,100.00,-1,9473707,-1,-0.0,117.3
1790342645,100.00,-1,9473707,-1,-0.0,117.3
1790342651,100.00,-1,9473726,-1,-0.0,117.3
1790342656,100.00,-1,9473726,-1,-0.0,117.3
1790342662,100.00,-1,9473728,-1,-0.0,117.3
1790342668,100.00,-1,9473728,-1,-0.0,117.3
1790342674,100.00,-1,9473728,-1,-0.0,117.3
1790342679,100.00,-1,9473729,-1,-0.0,117.3
1790342685,100.00,-1,9473729,-1,-0.0,117.3
1790342691,100.00,-1,9473729,-1,-0.0,117.4
1790342697,100.00,-1,9473729,-1,-0.0,117.3
1790342703,100.00,-1,9473729,-1,-0.0,117.3
1790342708,100.00,-1,9473758,-1,-0.0,117.3
1790342714,100.00,-1,9473782,-1,-0.0,117.3
1790342720,100.00,-1,9473786,-1,-0.0,117.3
1790342726,100.00,-1,9473786,-1,-0.0,117.3
1790342731,100.00,-1,9473787,-1,-0.0,117.3
1790342737,100.00,-1,9473788,-1,-0.0,117.3
1790342743,100.00,-1,9473789,-1,-0.0,117.3
1790342749,100.00,-1,9473801,-1,-0.0,117.3
1790342754,100.00,-1,9473801,-1,-0.0,117.3
1790342760,100.00,-1,9473808,-1,-0.0,117.3
1790342766,100.00,-1,9473808,-1,-0.0,117.3
1790342772,100.00,-1,9473808,-1,-0.0,117.3
1790342777,100.00,-1,9473814,-1,-0.0,117.3
1790342783,100.00,-1,9473820,-1,-0.0,117.3
1790342789,100.00,-1,9474829,-1,-0.0,117.3
1790342795,100.00,-1,9475166,-1,-0.0,117.2
1790342801,100.00,-1,9475215,-1,-0.0,117.3
1790342806,100.00,-1,9475224,-1,-0.0,117.3
1790342812,100.00,-1,9475245,-1,-0.0,117.2
1790342818,100.00,1185,9477208,663,0.4,117.0
1790342824,100.00,1794,9477832,1950,0.8,116.7
1790342829,100.00,2325,9478368,5921,1.4,116.3
1790342835,100.00,3493,9479538,10112,2.0,115.8
1790342841,100.00,5862,9481925,11198,2.2,115.9
1790342847,100.00,5870,9481941,11248,2.0,116.1
1790342852,100.00,5871,9481946,11248,2.5,115.5
1790342858,100.00,5877,9481957,11293,4.0,114.1
1790342864,100.00,5887,9481968,11318,4.2,113.8
1790342870,100.00,5994,9482086,11413,5.4,53.1
1790342876,99.21,18893,9495006,16426,9.2,39.2
1790342881,85.29,35457,9511668,107736,13.9,38.3
1790342887,76.89,49305,9525527,198337,16.1,39.1
1790342893,67.91,63835,9540071,200830,19.0,39.5
1790342898,51.47,78013,9554253,232273,23.1,38.3
1790342904,38.82,93191,9569448,528716,27.4,37.8
1790342909,23.08,108179,9584455,664591,31.7,36.9
1790342915,16.08,113454,9589732,790897,33.8,35.9
1790342920,10.79,113565,9589863,804907,30.4,39.4
1790342926,10.79,113694,9589994,814811,30.9,38.9
1790342931,10.79,113827,9590133,839231,31.9,37.9
1790342937,10.79,113957,9590266,852313,32.9,37.0
1790342942,6.43,114080,9590391,852313,33.7,36.0
1790342947,1.80,114193,9590510,853529,34.6,35.4
1790342953,0.00,114303,9590630,860368,30.6,39.4
1790342958,0.00,114432,9590777,874679,31.6,38.5
1790342964,0.00,114572,9590919,888466,32.6,37.4
1790342969,0.00,114693,9591042,889702,33.6,36.6
1790342974,0.00,115428,9592073,889702,34.0,35.8
1790342980,0.00,116165,9592992,889702,30.0,39.8
1790342985,0.00,116165,9593135,889702,30.9,38.9
1790342991,0.00,116622,9594043,889702,31.3,38.1
1790342996,0.00,117527,9595520,889702,30.9,36.8
1790343001,0.00,118481,9596549,889702,30.3,36.4
1790343007,0.00,119094,9597212,889702,30.0,35.5
1790343012,0.00,119538,9597732,889745,25.7,39.3
1790343017,0.00,119554,9597868,889874,26.6,38.4
1790343023,0.00,119713,9598054,889917,26.9,37.8
1790343028,0.00,120682,9599061,889917,26.9,36.9
1790343033,0.00,121507,9599974,889917,26.5,36.1
1790343039,0.00,121845,9600685,889917,26.0,35.2
1790343044,0.00,122001,9600863,889917,22.0,39.1
1790343049,0.00,122160,9601064,889917,23.0,38.2
1790343055,0.00,122339,9601248,889917,23.9,37.3
1790343060,0.00,122496,9601580,889917,24.6,36.2
1790343065,0.00,122948,9602178,891325,25.2,35.6
1790343071,0.00,123186,9602580,893037,20.9,39.6
1790343076,0.00,123421,9602848,895533,21.8,38.7
1790343081,0.00,124236,9603771,899565,22.7,37.8
1790343087,0.00,125104,9604642,902957,23.6,37.0
1790343092,0.00,126042,9605777,906669,23.7,36.3
1790343097,0.00,127007,9607089,914353,24.3,35.4
1790343103,0.00,127837,9608217,920653,20.3,39.3
1790343108,0.00,128815,9609244,928589,21.2,38.4
1790343113,0.00,129718,9610147,931149,22.0,37.7
1790343119,0.00,130668,9611103,931149,22.8,36.9
1790343124,0.00,131470,9612046,932669,23.6,36.1
1790343129,0.00,132317,9613039,934333,24.4,35.4
1790343135,0.00,133105,9613906,935807,20.4,39.5
1790343140,0.00,133944,9614855,937471,21.2,38.6
1790343145,0.00,134881,9615794,939327,22.0,37.8
1790343151,0.00,135803,9616719,941951,22.8,37.0
1790343156,0.00,136749,9617728,945674,23.7,36.2
1790343161,0.00,137623,9618608,946543,24.1,35.4
1790343167,0.00,138484,9619488,949382,19.8,39.5
1790343172,0.00,139430,9620694,954832,20.8,38.6
1790343177,0.00,140361,9621714,963213,21.7,37.7
1790343183,0.00,141346,9622707,969570,22.6,36.9
1790343188,0.00,142281,9623658,970933,23.2,36.1
1790343194,0.00,143133,9624535,971799,23.8,35.2
1790343199,0.00,143930,9625352,972831,19.8,39.2
1790343204,0.00,144843,9626278,974062,20.6,38.3
1790343210,0.00,145779,9627225,975238,21.5,37.5
1790343215,0.00,146605,9628072,976288,22.3,36.8
1790343220,0.00,147530,9629310,977422,22.6,36.1
1790343226,0.00,148505,9630750,984225,21.8,35.2
1790343231,0.00,149332,9631707,985985,17.6,39.2
1790343237,0.00,150243,9632646,987072,18.4,38.4
1790343242,0.00,151129,9633596,988258,19.3,37.5
1790343247,0.00,152069,9634759,989711,19.4,36.8
1790343253,0.00,152933,9635738,991282,18.6,36.1
1790343258,0.00,153882,9636841,993075,18.4,35.2
